"codigo_de_referencia","existencia_y_localizacion_de_copias","unidades_de_descripcion_relacionadas","documentos_asociados"
"MXIM-AV-1-4-1","","",""
"MXIM-AV-1-4-2","","",""
"MXIM-AV-1-4-3","","",""
"MXIM-AV-1-4-4","","",""
"MXIM-AV-1-4-5","","",""
"MXIM-AV-1-4-6","","",""
"MXIM-AV-1-5-1","","",""
"MXIM-AV-1-5-2","","",""
"MXIM-AV-1-5-3","","",""
"MXIM-AV-1-5-4","","",""
"MXIM-AV-1-5-5","","",""
"MXIM-AV-1-5-6","","",""
"MXIM-AV-1-5-7","","",""
"MXIM-AV-1-5-8","","",""
"MXIM-AV-1-5-9","","",""
"MXIM-AV-1-5-10","","",""
"MXIM-AV-1-5-11","","",""
"MXIM-AV-1-5-12","","",""
"MXIM-AV-1-5-13","","",""
"MXIM-AV-1-5-14","","Forma parte de la edición Fiestas cristianas y fiestas profanas, 1934-1935                                            MXIM-AV-1-12-4","http://www.valdelomar.com/inicio.php"
"MXIM-AV-1-5-16","","Forma parte de la edición Ethnologie, Antología de cortos de la Enciclopedia Cinematográfica del Institut für den Wissenschaftlichen Film Göttingen MXIM-AV-1-12-55",""
"MXIM-AV-1-6-1","","",""
"MXIM-AV-1-6-2","","",""
"MXIM-AV-1-6-3","","",""
"MXIM-AV-1-6-4","","",""
"MXIM-AV-1-6-5","","",""
"MXIM-AV-1-6-6","","",""
"MXIM-AV-1-6-7","","",""
"MXIM-AV-1-6-8","","",""
"MXIM-AV-1-6-9","","",""
"MXIM-AV-1-6-10","","",""
"MXIM-AV-1-6-11","","",""
"MXIM-AV-1-6-12","","",""
"MXIM-AV-1-6-13","","",""
"MXIM-AV-1-7-1","","",""
"MXIM-AV-1-7-2","","",""
"MXIM-AV-1-7-3","","",""
"MXIM-AV-1-7-4","","",""
"MXIM-AV-1-7-5","","",""
"MXIM-AV-1-7-6","","",""
"MXIM-AV-1-7-7","","",""
"MXIM-AV-1-7-8","","",""
"MXIM-AV-1-7-9","","",""
"MXIM-AV-1-7-10","","",""
"MXIM-AV-1-7-11","","Forma parte de la edición Obras documentais de Alain Resnais MXIM-AV-1-12-32",""
"MXIM-AV-1-7-12","","Forma parte de la edición Obras documentais de Alain Resnais MXIM-AV-1-12-32",""
"MXIM-AV-1-8-1","","",""
"MXIM-AV-1-8-2","","",""
"MXIM-AV-1-8-3","","",""
"MXIM-AV-1-8-4","","Forma parte de la antología Artavazd Pelechían: obra documental (1967-1994) MXIM-AV-1-11-11",""
"MXIM-AV-1-8-6","","",""
"MXIM-AV-1-8-7","","",""
"MXIM-AV-1-8-8","","",""
"MXIM-AV-1-8-9","","",""
"MXIM-AV-1-8-10","","",""
"MXIM-AV-1-8-11","","",""
"MXIM-AV-1-8-12","","",""
"MXIM-AV-1-8-13","","",""
"MXIM-AV-1-8-14","","",""
"MXIM-AV-1-8-15","","",""
"MXIM-AV-1-8-16","","",""
"MXIM-AV-1-8-17","","",""
"MXIM-AV-1-8-18","","",""
"MXIM-AV-1-8-19","","Forma parte de la antología Documentales y cortometrajes de Werner Herzog MXIM-AV-1-12-208",""
"MXIM-AV-1-8-20","","",""
"MXIM-AV-1-8-21","","",""
"MXIM-AV-1-8-22","","",""
"MXIM-AV-1-8-23","","",""
"MXIM-AV-1-8-24","","",""
"MXIM-AV-1-8-25","","",""
"MXIM-AV-1-8-26","","",""
"MXIM-AV-1-8-27","","",""
"MXIM-AV-1-8-28","","Forma parte de la antología Documentales y cortometrajes de Werner Herzog MXIM-AV-1-12-208",""
"MXIM-AV-1-8-29","","Forma parte de la edición Ethnologie, Antología de cortos de la Enciclopedia Cinematográfica del Institut für den Wissenschaftlichen Film Göttingen MXIM-AV-1-12-55",""
"MXIM-AV-1-8-30","","",""
"MXIM-AV-1-8-31","","",""
"MXIM-AV-1-8-32","","",""
"MXIM-AV-1-8-33","","",""
"MXIM-AV-1-8-34","","",""
"MXIM-AV-1-9-1","","",""
"MXIM-AV-1-9-2","","",""
"MXIM-AV-1-9-3","","",""
"MXIM-AV-1-9-4","","",""
"MXIM-AV-1-9-5","","",""
"MXIM-AV-1-9-6","","",""
"MXIM-AV-1-9-7","","",""
"MXIM-AV-1-9-8","","","http://www.patricioguzman.com/index.php?page=films_dett&fid=1"
"MXIM-AV-1-9-9","","","http://www.patricioguzman.com/index.php?page=films_dett&fid=1"
"MXIM-AV-1-9-10","","",""
"MXIM-AV-1-9-11","","",""
"MXIM-AV-1-9-12","","",""
"MXIM-AV-1-9-13","","",""
"MXIM-AV-1-9-14","","",""
"MXIM-AV-1-9-15","","",""
"MXIM-AV-1-9-16","","",""
"MXIM-AV-1-9-17","","",""
"MXIM-AV-1-9-18","","",""
"MXIM-AV-1-9-19","","",""
"MXIM-AV-1-9-20","","",""
"MXIM-AV-1-9-21","","",""
"MXIM-AV-1-9-22","","",""
"MXIM-AV-1-9-23","","Forma parte de la antología Ethnologie, Antología de cortos de la Enciclopedia Cinematográfica del Institut für den Wissenschaftlichen Film Göttingen MXIM-AV-1-12-55",""
"MXIM-AV-1-9-24","","Forma parte de la antología Ethnologie, Antología de cortos de la Enciclopedia Cinematográfica del Institut für den Wissenschaftlichen Film Göttingen MXIM-AV-1-12-55",""
"MXIM-AV-1-9-25","","Forma parte de la antología  Documentales y cortometrajes de  Werner Herzog                        MXIM-AV-1-12-208",""
"MXIM-AV-1-9-26","","Forma parte de la antología Artavazd Pelechían: obra documental (1967-1994) MXIM-AV-1-11-11",""
"MXIM-AV-1-9-27","","Forma parte de la antología Artavazd Pelechían: obra documental (1967-1994) MXIM-AV-1-11-11",""
"MXIM-AV-1-9-28","","",""
"MXIM-AV-1-9-29","","",""
"MXIM-AV-1-9-30","","","http://www.elmundo.es/elmundo/2012/04/20/cultura/1334915405.html"
"MXIM-AV-1-10-1","","","http://www.cinelatinoamericano.cult.cu/ficha.aspx?cod=977"
"MXIM-AV-1-10-2","","",""
"MXIM-AV-1-10-3","","",""
"MXIM-AV-1-10-4","","",""
"MXIM-AV-1-10-5","","",""
"MXIM-AV-1-10-6","","",""
"MXIM-AV-1-10-7","","Unidades relacionadas con el rito de la mayordomía: Un día con San Judas  MXIM-AV-1-13-41",""
"MXIM-AV-1-10-9","","",""
"MXIM-AV-1-10-10","","",""
"MXIM-AV-1-10-11","","","http://www.rebeldemule.org/foro/documental/tema7285.html"
"MXIM-AV-1-10-12","","",""
"MXIM-AV-1-10-13","","",""
"MXIM-AV-1-10-14","","",""
"MXIM-AV-1-10-15","","",""
"MXIM-AV-1-10-16","","",""
"MXIM-AV-1-10-17","","",""
"MXIM-AV-1-10-18","","",""
"MXIM-AV-1-10-19","","",""
"MXIM-AV-1-10-20","","",""
"MXIM-AV-1-10-21","","",""
"MXIM-AV-1-10-22","","Unidades relacionadas con el tema de la dictadura militar argentina y represión: Montoneros  MXIM-AV-1-11-109, El alma de los verdugos MXIM-AV-1-12-34, Historia Argentina 1976-1978 MXIM-AV-1-12-229",""
"MXIM-AV-1-10-23","","",""
"MXIM-AV-1-10-24","","",""
"MXIM-AV-1-10-25","","",""
"MXIM-AV-1-10-26","","",""
"MXIM-AV-1-10-27","","",""
"MXIM-AV-1-10-28","","",""
"MXIM-AV-1-10-29","","",""
"MXIM-AV-1-10-30","","",""
"MXIM-AV-1-10-31","","",""
"MXIM-AV-1-10-32","","",""
"MXIM-AV-1-10-33","","",""
"MXIM-AV-1-10-34","","",""
"MXIM-AV-1-10-35","","",""
"MXIM-AV-1-10-36","","",""
"MXIM-AV-1-10-37","","",""
"MXIM-AV-1-10-38","","",""
"MXIM-AV-1-10-39","","",""
"MXIM-AV-1-10-40","","","Breschand, Jean, El documental: la otra cara del cine, Barcelona, Paidós, 2004, págs 82 y 83."
"MXIM-AV-1-10-41","","",""
"MXIM-AV-1-10-42","","",""
"MXIM-AV-1-10-43","","",""
"MXIM-AV-1-10-44","","",""
"MXIM-AV-1-10-45","","Forma parte de la antología Ethnologie, Antología de cortos de la Enciclopedia Cinematográfica del Institut für den Wissenschaftlichen Film Göttingen MXIM-AV-1-12-55",""
"MXIM-AV-1-10-46","","Forma parte de la antología Documentales y cortometrajes de  Werner Herzog  MXIM-AV-1-12-208, Unidades relacionadas con la guerrilla en Nicaragua: El inmortal  MXIM-AV-1-12-215",""
"MXIM-AV-1-10-47","","Forma parte de la antología Artavazd Pelechían: obra documental (1967-1994) MXIM-AV-1-11-11",""
"MXIM-AV-1-10-48","","Form parte de la edición Obras maestras, Canal Once TV, video 1 MXIM-AV-1-12-140",""
"MXIM-AV-1-10-49","","Form parte de la edición Obras maestras, Canal Once TV, video 1 MXIM-AV-1-12-140",""
"MXIM-AV-1-10-50","","Form parte de la edición Obras maestras, Canal Once TV, video 1 MXIM-AV-1-12-140",""
"MXIM-AV-1-10-51","","Form parte de la edición Obras maestras, Canal Once TV, video 1 MXIM-AV-1-12-140",""
"MXIM-AV-1-10-52","","Form parte de la edición Obras maestras, Canal Once TV, video 1 MXIM-AV-1-12-140",""
"MXIM-AV-1-10-53","","Form parte de la edición Obras maestras, Canal Once TV, video 1 MXIM-AV-1-12-140",""
"MXIM-AV-1-10-54","","Forma parte de la edición Obras maestras, Canal Once TV, video 2 MXIM-AV-1-12-141",""
"MXIM-AV-1-10-55",""," Forma parte de la edición Obras maestras, Canal Once TV, video 2 MXIM-AV-1-12-141",""
"MXIM-AV-1-10-56","","Forma parte de la edición Obras maestras, Canal Once TV, video 2 MXIM-AV-1-12-141",""
"MXIM-AV-1-10-57","","Forma parte de la edición Obras maestras, Canal Once TV, video 2 MXIM-AV-1-12-141",""
"MXIM-AV-1-10-58","","Forma parte de la edición Obras maestras, Canal Once TV, video 2 MXIM-AV-1-12-141",""
"MXIM-AV-1-10-59","","Forma parte de la edición Obras maestras, Canal Once TV, video 3 MXIM-AV-1-12-142",""
"MXIM-AV-1-10-60","","Forma parte de la edición Obras maestras, Canal Once TV, video 3 MXIM-AV-1-12-142",""
"MXIM-AV-1-10-61","","Forma parte de la edición Obras maestras, Canal Once TV, video 3 MXIM-AV-1-12-142",""
"MXIM-AV-1-10-62","","Forma parte de la edición Obras maestras, Canal Once TV, video 3 MXIM-AV-1-12-142",""
"MXIM-AV-1-10-63","","Forma parte de la edición Obras maestras, Canal Once TV, video 3 MXIM-AV-1-12-142",""
"MXIM-AV-1-10-64","","Forma parte de la edición Obras maestras, Canal Once TV, video 4 MXIM-AV-1-12-143",""
"MXIM-AV-1-10-65","","Forma parte de la edición Obras maestras, Canal Once TV, video 4 MXIM-AV-1-12-143",""
"MXIM-AV-1-10-66","","","\"El universo dereniano. Textos fundamentales de la cineasta Maya Deren\", edición y traducción Carolina Martínez, Artea Editorial, edición electrónica, junio 2013, en: http://arteaeditorial.arte-a.org/node/999 Deren, Maya, Divine horsemen: voodoo gods of Haití, prólogo Joseph Campbell, E.U., Chelsea House Publishers, 1970, 350 pp., ils."
"MXIM-AV-1-10-67","","Forma parte de la antología Portraits d´Alain Cavalier (1a serie) MXIM-AV-1-10-34",""
"MXIM-AV-1-10-68","","Forma parte de la antología Portraits d´Alain Cavalier (1a serie) MXIM-AV-1-10-34",""
"MXIM-AV-1-10-69","","Forma parte de la antología Portraits d´Alain Cavalier (1a serie) MXIM-AV-1-10-34",""
"MXIM-AV-1-10-70","","Forma parte de la antología Portraits d´Alain Cavalier (1a serie) MXIM-AV-1-10-34",""
"MXIM-AV-1-10-71","","Forma parte de la antología Portraits d´Alain Cavalier (1a serie) MXIM-AV-1-10-34",""
"MXIM-AV-1-10-72","","Forma parte de la antología Portraits d´Alain Cavalier (1a serie) MXIM-AV-1-10-34",""
"MXIM-AV-1-10-73","","Forma parte de la antología Portraits d´Alain Cavalier (1a serie) MXIM-AV-1-10-34",""
"MXIM-AV-1-10-74","","Forma parte de la antología Portraits d´Alain Cavalier (1a serie) MXIM-AV-1-10-34",""
"MXIM-AV-1-10-75","","Forma parte de la antología Portraits d´Alain Cavalier (1a serie) MXIM-AV-1-10-34",""
"MXIM-AV-1-10-76","","Forma parte de la antología Portraits d´Alain Cavalier (1a serie) MXIM-AV-1-10-34",""
"MXIM-AV-1-10-77","","Forma parte de la antología Portraits d´Alain Cavalier (1a serie) MXIM-AV-1-10-34",""
"MXIM-AV-1-10-78","","Forma parte de la antología Portraits d´Alain Cavalier (1a serie) MXIM-AV-1-10-34",""
"MXIM-AV-1-10-79","","",""
"MXIM-AV-1-10-80","","",""
"MXIM-AV-1-10-81","","",""
"MXIM-AV-1-10-82","","",""
"MXIM-AV-1-10-83","","",""
"MXIM-AV-1-10-84","","",""
"MXIM-AV-1-10-86","","",""
"MXIM-AV-1-10-87","","",""
"MXIM-AV-1-11-1","","",""
"MXIM-AV-1-11-2","","",""
"MXIM-AV-1-11-3","","",""
"MXIM-AV-1-11-4","","","Colección fotográfica LAIS, Crucero de El Caballito. Subgrupo documental \"Desde altura\": MXIM-1-2-1-1, MXIM-1-1-3-11. Subgrupo docuemntal \"A pie de calle\": MXIM-1-1-1-9, MXIM-1-1-1-19, MXIM-1-1-2-8, MXIM-1-1-2-6, MXIM-1-1-2-9, MXIM-1-1-2-12, MXIM-1-1-3-21, MXIM-1-1-3-20, MXIM-1-1-3-19"
"MXIM-AV-1-11-5","","",""
"MXIM-AV-1-11-6","","",""
"MXIM-AV-1-11-7","","",""
"MXIM-AV-1-11-8","","",""
"MXIM-AV-1-11-9","","Documentales  relacionados:   Chiapas, Diálogo bajo amenaza (MXIM-AV-1-11-20). Chiapas, la historia continúa (MXIM-AV-1-11-21). Chiapas, la otra guerra (MXIM-AV-1-11-22). Chiapas, historia inconclusa (MXIM-AV-1-11-23). La guerra de Chiapas (MXIM-AV-1-11-79). Los más pequeños, Un retrato del Ejército Zapatista de Liberación Nacional (MXIM-AV-1-11-91). Marcos, Marcos... (MXIM-AV-1-11-99). Todos somos Marcos (MXIM-AV-1-11-148). Un puente a la esperanza, entrevista con Marcos (MXIM-AV-1-11-152). Viaje al centro de la selva, Memorial zapatista (MXIM-AV-1-11-155)",""
"MXIM-AV-1-11-10","","",""
"MXIM-AV-1-11-11","","",""
"MXIM-AV-1-11-12","","",""
"MXIM-AV-1-11-13","","",""
"MXIM-AV-1-11-14","","",""
"MXIM-AV-1-11-15","","",""
"MXIM-AV-1-11-16","","",""
"MXIM-AV-1-11-17","","",""
"MXIM-AV-1-11-18","","",""
"MXIM-AV-1-11-19","","",""
"MXIM-AV-1-11-20","","Documentales relacionados: Un lugar llamado chiapas (MXIM-AV-1-11-9). Chiapas, la historia continúa (MXIM-AV-1-11-21). Chiapas, la otra guerra (MXIM-AV-1-11-22). Chiapas, historia inconclusa (MXIM-AV-1-11-23). La guerra de Chiapas (MXIM-AV-1-11-79). Los más pequeños, Un retrato del Ejército Zapatista de Liberación Nacional (MXIM-AV-1-11-91). Marcos, Marcos... (MXIM-AV-1-11-99). Todos somos Marcos (MXIM-AV-1-11-148). Un puente a la esperanza, entrevista con Marcos (MXIM-AV-1-11-152). Viaje al centro de la selva, Memorial zapatista (MXIM-AV-1-11-155). Zapatistas crónica de una rebelión (MXIM-AV-1-12-116)",""
"MXIM-AV-1-11-21","","Documentales  relacionados:  Un lugar llamado chiapas (MXIM-AV-1-11-9). Chiapas, Diálogo bajo amenaza (MXIM-AV-1-11-20). Chiapas, la otra guerra (MXIM-AV-1-11-22). Chiapas, historia inconclusa (MXIM-AV-1-11-23). La guerra de Chiapas (MXIM-AV-1-11-79). Los más pequeños, Un retrato del Ejército Zapatista de Liberación Nacional (MXIM-AV-1-11-91). Marcos, Marcos... (MXIM-AV-1-11-99). Todos somos Marcos (MXIM-AV-1-11-148). Un puente a la esperanza, entrevista con Marcos (MXIM-AV-1-11-152). Viaje al centro de la selva, Memorial zapatista (MXIM-AV-1-11-155)",""
"MXIM-AV-1-11-22","","Documentales  relacionados:  Un lugar llamado chiapas (MXIM-AV-1-11-9). Chiapas, Diálogo bajo amenaza (MXIM-AV-1-11-20). Chiapas, la historia continúa (MXIM-AV-1-11-21). Chiapas, la otra guerra (MXIM-AV-1-11-22). Chiapas, historia inconclusa (MXIM-AV-1-11-23). La guerra de Chiapas (MXIM-AV-1-11-79). Los más pequeños, Un retrato del Ejército Zapatista de Liberación Nacional (MXIM-AV-1-11-91). Marcos, Marcos... (MXIM-AV-1-11-99). Todos somos Marcos (MXIM-AV-1-11-148). Un puente a la esperanza, entrevista con Marcos (MXIM-AV-1-11-152). Viaje al centro de la selva, Memorial zapatista (MXIM-AV-1-11-155)",""
"MXIM-AV-1-11-23","","Documentales  relacionados:  Un lugar llamado chiapas (MXIM-AV-1-11-9). Chiapas, Diálogo bajo amenaza (MXIM-AV-1-11-20). Chiapas, la historia continúa (MXIM-AV-1-11-21). Chiapas, la otra guerra (MXIM-AV-1-11-22).  La guerra de Chiapas (MXIM-AV-1-11-79). Los más pequeños, Un retrato del Ejército Zapatista de Liberación Nacional (MXIM-AV-1-11-91). Marcos, Marcos... (MXIM-AV-1-11-99). Todos somos Marcos (MXIM-AV-1-11-148). Un puente a la esperanza, entrevista con Marcos (MXIM-AV-1-11-152). Viaje al centro de la selva, Memorial zapatista (MXIM-AV-1-11-155)",""
"MXIM-AV-1-11-24","","",""
"MXIM-AV-1-11-25","","",""
"MXIM-AV-1-11-26","","",""
"MXIM-AV-1-11-27","","",""
"MXIM-AV-1-11-28","","",""
"MXIM-AV-1-11-29","","",""
"MXIM-AV-1-11-30","","",""
"MXIM-AV-1-11-31","","",""
"MXIM-AV-1-11-32","","",""
"MXIM-AV-1-11-33","","",""
"MXIM-AV-1-11-34","","",""
"MXIM-AV-1-11-35","","",""
"MXIM-AV-1-11-36","","",""
"MXIM-AV-1-11-37","","",""
"MXIM-AV-1-11-38","","",""
"MXIM-AV-1-11-39","","",""
"MXIM-AV-1-11-40","","",""
"MXIM-AV-1-11-41","","",""
"MXIM-AV-1-11-42","","",""
"MXIM-AV-1-11-43","","",""
"MXIM-AV-1-11-44","","",""
"MXIM-AV-1-11-45","","",""
"MXIM-AV-1-11-46","","Documental Mi multi es mi multi, Historia oral del multifamiliar Miguel Alemán (1949-1999): MXIM-AV-1-11-108",""
"MXIM-AV-1-11-47","","",""
"MXIM-AV-1-11-48","","",""
"MXIM-AV-1-11-49","","",""
"MXIM-AV-1-11-50","","",""
"MXIM-AV-1-11-51","","",""
"MXIM-AV-1-11-52","","",""
"MXIM-AV-1-11-53","","",""
"MXIM-AV-1-11-53-1","","",""
"MXIM-AV-1-11-53-2","","",""
"MXIM-AV-1-11-54","","",""
"MXIM-AV-1-11-55","","",""
"MXIM-AV-1-11-56","","",""
"MXIM-AV-1-11-57","","",""
"MXIM-AV-1-11-58","","",""
"MXIM-AV-1-11-59","","",""
"MXIM-AV-1-11-60","","",""
"MXIM-AV-1-11-61","","",""
"MXIM-AV-1-11-62","","",""
"MXIM-AV-1-11-63","","",""
"MXIM-AV-1-11-64","","",""
"MXIM-AV-1-11-65","","",""
"MXIM-AV-1-11-66","","",""
"MXIM-AV-1-11-67","","",""
"MXIM-AV-1-11-68","","",""
"MXIM-AV-1-11-69","","",""
"MXIM-AV-1-11-70","","",""
"MXIM-AV-1-11-71","","",""
"MXIM-AV-1-11-72","","",""
"MXIM-AV-1-11-73","","",""
"MXIM-AV-1-11-74","","",""
"MXIM-AV-1-11-75","","",""
"MXIM-AV-1-11-76","","",""
"MXIM-AV-1-11-77","","",""
"MXIM-AV-1-11-78","","",""
"MXIM-AV-1-11-79","","Documentales  relacionados:  Un lugar llamado chiapas (MXIM-AV-1-11-9). Chiapas, Diálogo bajo amenaza (MXIM-AV-1-11-20). Chiapas, la historia continúa (MXIM-AV-1-11-21). Chiapas, la otra guerra (MXIM-AV-1-11-22). Chiapas, historia inconclusa (MXIM-AV-1-11-23). Los más pequeños, Un retrato del Ejército Zapatista de Liberación Nacional (MXIM-AV-1-11-91). Marcos, Marcos... (MXIM-AV-1-11-99). Todos somos Marcos (MXIM-AV-1-11-148). Un puente a la esperanza, entrevista con Marcos (MXIM-AV-1-11-152). Viaje al centro de la selva, Memorial zapatista (MXIM-AV-1-11-155)",""
"MXIM-AV-1-11-80","","",""
"MXIM-AV-1-11-81","","",""
"MXIM-AV-1-11-82","","",""
"MXIM-AV-1-11-83","","",""
"MXIM-AV-1-11-84","","",""
"MXIM-AV-1-11-85","","",""
"MXIM-AV-1-11-86","","",""
"MXIM-AV-1-11-87","","",""
"MXIM-AV-1-11-88","","",""
"MXIM-AV-1-11-89","","",""
"MXIM-AV-1-11-90","","",""
"MXIM-AV-1-11-91","","Documentales relacionados: Un lugar llamado chiapas (MXIM-AV-1-11-9). Chiapas, Diálogo bajo amenaza (MXIM-AV-1-11-20). Chiapas, la historia continúa (MXIM-AV-1-11-21). Chiapas, la otra guerra (MXIM-AV-1-11-22). Chiapas, historia inconclusa (MXIM-AV-1-11-23). La guerra de Chiapas (MXIM-AV-1-11-79). Marcos, Marcos... (MXIM-AV-1-11-99). Todos somos Marcos (MXIM-AV-1-11-148). Un puente a la esperanza, entrevista con Marcos (MXIM-AV-1-11-152). Viaje al centro de la selva, Memorial zapatista (MXIM-AV-1-11-155)",""
"MXIM-AV-1-11-92","","",""
"MXIM-AV-1-11-93","","",""
"MXIM-AV-1-11-94","","",""
"MXIM-AV-1-11-94-1","","",""
"MXIM-AV-1-11-94-2","","",""
"MXIM-AV-1-11-95","","",""
"MXIM-AV-1-11-96","","",""
"MXIM-AV-1-11-97","","",""
"MXIM-AV-1-11-98","","",""
"MXIM-AV-1-11-99","","Documentales relacionados: Un lugar llamado chiapas (MXIM-AV-1-11-9). Chiapas, Diálogo bajo amenaza (MXIM-AV-1-11-20). Chiapas, la historia continúa (MXIM-AV-1-11-21). Chiapas, la otra guerra (MXIM-AV-1-11-22). Chiapas, historia inconclusa (MXIM-AV-1-11-23). La guerra de Chiapas (MXIM-AV-1-11-79). Los más pequeños, Un retrato del Ejército Zapatista de Liberación Nacional (MXIM-AV-1-11-91). Todos somos Marcos (MXIM-AV-1-11-148). Un puente a la esperanza, entrevista con Marcos (MXIM-AV-1-11-152). Viaje al centro de la selva, Memorial zapatista (MXIM-AV-1-11-155)",""
"MXIM-AV-1-11-100","","",""
"MXIM-AV-1-11-101","","",""
"MXIM-AV-1-11-102","","",""
"MXIM-AV-1-11-103","","",""
"MXIM-AV-1-11-104","","",""
"MXIM-AV-1-11-105","","",""
"MXIM-AV-1-11-106","Material audiovisual registrado en la base de datos de la Biblioteca Ernesto de la Torre Villar, Instituto Mora. Código de referencia: VV 322.44 MEX.s ej.2","",""
"MXIM-AV-1-11-107","","",""
"MXIM-AV-1-11-108","","",""
"MXIM-AV-1-11-109","","",""
"MXIM-AV-1-11-110","","",""
"MXIM-AV-1-11-111","","",""
"MXIM-AV-1-11-112","","",""
"MXIM-AV-1-11-113","","",""
"MXIM-AV-1-11-114","","Piqueteras MXIM-AV-1-12-150 Corazón de fábrica MXIM-AV-1-12-20",""
"MXIM-AV-1-11-115","","",""
"MXIM-AV-1-11-116","","",""
"MXIM-AV-1-11-117","","",""
"MXIM-AV-1-11-118","","",""
"MXIM-AV-1-11-119","","",""
"MXIM-AV-1-11-120","","",""
"MXIM-AV-1-11-121","","",""
"MXIM-AV-1-11-122","","",""
"MXIM-AV-1-11-123","","",""
"MXIM-AV-1-11-124","","Portraits d´alain Cavalier (1a parte): MXIM-AV-1-10-34",""
"MXIM-AV-1-11-125","","",""
"MXIM-AV-1-11-126","","",""
"MXIM-AV-1-11-127","","",""
"MXIM-AV-1-11-128","","",""
"MXIM-AV-1-11-129","","",""
"MXIM-AV-1-11-130","","",""
"MXIM-AV-1-11-131","","",""
"MXIM-AV-1-11-132","","",""
"MXIM-AV-1-11-133","","",""
"MXIM-AV-1-11-134","","",""
"MXIM-AV-1-11-135","","",""
"MXIM-AV-1-11-136","","",""
"MXIM-AV-1-11-137","","",""
"MXIM-AV-1-11-138","","",""
"MXIM-AV-1-11-139","","",""
"MXIM-AV-1-11-140","","",""
"MXIM-AV-1-11-141","","",""
"MXIM-AV-1-11-142","","",""
"MXIM-AV-1-11-143","","",""
"MXIM-AV-1-11-144","","",""
"MXIM-AV-1-11-145","","",""
"MXIM-AV-1-11-146","","",""
"MXIM-AV-1-11-147","","",""
"MXIM-AV-1-11-148","","Documentales relacionados: Un lugar llamado chiapas (MXIM-AV-1-11-9). Chiapas, Diálogo bajo amenaza (MXIM-AV-1-11-20). Chiapas, la historia continúa (MXIM-AV-1-11-21). Chiapas, la otra guerra (MXIM-AV-1-11-22). Chiapas, historia inconclusa (MXIM-AV-1-11-23). La guerra de Chiapas (MXIM-AV-1-11-79). Los más pequeños, Un retrato del Ejército Zapatista de Liberación Nacional (MXIM-AV-1-11-91). Marcos, Marcos... (MXIM-AV-1-11-99). Todos somos Marcos (MXIM-AV-1-11-148). Un puente a la esperanza, entrevista con Marcos (MXIM-AV-1-11-152). Viaje al centro de la selva, Memorial zapatista (MXIM-AV-1-11-155)",""
"MXIM-AV-1-11-149","","",""
"MXIM-AV-1-11-150","","Temática: Migración judía a México Estudio demográfico de la migración judía a méxico 1900-1950 MXIM-AV-1-12-54",""
"MXIM-AV-1-11-151","","",""
"MXIM-AV-1-11-152","","Documentales relacionados: Un lugar llamado chiapas (MXIM-AV-1-11-9). Chiapas, Diálogo bajo amenaza (MXIM-AV-1-11-20). Chiapas, la historia continúa (MXIM-AV-1-11-21). Chiapas, la otra guerra (MXIM-AV-1-11-22). Chiapas, historia inconclusa (MXIM-AV-1-11-23). La guerra de Chiapas (MXIM-AV-1-11-79). Los más pequeños, Un retrato del Ejército Zapatista de Liberación Nacional (MXIM-AV-1-11-91). Marcos, Marcos... (MXIM-AV-1-11-99). Todos somos Marcos (MXIM-AV-1-11-148). Viaje al centro de la selva, Memorial zapatista (MXIM-AV-1-11-155)",""
"MXIM-AV-1-11-153","","",""
"MXIM-AV-1-11-154","","",""
"MXIM-AV-1-11-155","","Documentales relacionados: Un lugar llamado chiapas (MXIM-AV-1-11-9). Chiapas, Diálogo bajo amenaza (MXIM-AV-1-11-20). Chiapas, la historia continúa (MXIM-AV-1-11-21). Chiapas, la otra guerra (MXIM-AV-1-11-22). Chiapas, historia inconclusa (MXIM-AV-1-11-23). La guerra de Chiapas (MXIM-AV-1-11-79). Los más pequeños, Un retrato del Ejército Zapatista de Liberación Nacional (MXIM-AV-1-11-91). Marcos, Marcos... (MXIM-AV-1-11-99). Todos somos Marcos (MXIM-AV-1-11-148). Un puente a la esperanza, entrevista con marcoa (MXIM-AV-1-11-152)",""
"MXIM-AV-1-11-156","","Unidades relacionadas con la temática de ferrocarriles: Km. C-62, Un nómada del riel: MXIM-AV-1-12-83",""
"MXIM-AV-1-11-157","","",""
"MXIM-AV-1-11-158","","",""
"MXIM-AV-1-11-159","","",""
"MXIM-AV-1-11-160","","",""
"MXIM-AV-1-11-161","","",""
"MXIM-AV-1-11-162","","",""
"MXIM-AV-1-11-163","","Forma parte de la edición Documentales de Teatro mexicano MXIM-AV-1-12-33",""
"MXIM-AV-1-11-164","","Forma parte de la edición Documentales de Teatro mexicano MXIM-AV-1-12-33",""
"MXIM-AV-1-11-165","Material audiovisual registrado en la base de datos de la Biblioteca Ernesto de la Torre Villar, Instituto Mora. Código de referencia: VV 972.061 LOM.d","Forma parte de la edición Lo mejor de la Revolución Mexicana MXIM-AV-1-12-78",""
"MXIM-AV-1-11-166","Material audiovisual registrado en la base de datos de la Biblioteca Ernesto de la Torre Villar, Instituto Mora. Código de referencia: VV 780.729045 HIS.d v.2","Forma parte de la edición Lo mejor de la Revolución Mexicana MXIM-AV-1-12-78",""
"MXIM-AV-1-11-167","Material audiovisual registrado en la base de datos de la Biblioteca Ernesto de la Torre Villar, Instituto Mora. Código de referencia: VV 368.4972 HIS.d","Forma parte de la edición Lo mejor de la Revolución Mexicana MXIM-AV-1-12-78",""
"MXIM-AV-1-11-168","Material audiovisual registrado en la base de datos de la Biblioteca Ernesto de la Torre Villar, Instituto Mora. Código de referencia: VV 972.061 LOM.d","Forma parte de la edición Lo mejor de la Revolución Mexicana MXIM-AV-1-12-78",""
"MXIM-AV-1-11-169","Material audiovisual registrado en la base de datos de la Biblioteca Ernesto de la Torre Villar, Instituto Mora. Código de referencia: VV 972.061 LOM.d","Forma parte de la edición Lo mejor de la Revolución Mexicana MXIM-AV-1-12-78",""
"MXIM-AV-1-11-170","","Forma parte de de la edición Spencer Nakasako´s trilogy MXIM-AV-1-12-168",""
"MXIM-AV-1-11-171","","Forma parte de de la edición Spencer Nakasako´s trilogy MXIM-AV-1-12-168",""
"MXIM-AV-1-11-172","","Forma parte de la antología Artavazd Pelechían: obra documental (1967-1994)",""
"MXIM-AV-1-11-173","","Forma parte de la antología Artavazd Pelechían: obra documental (1967-1994)",""
"MXIM-AV-1-11-174","","Forma parte de la edición Obras maestras, Canal Once TV, video 1 MXIM-AV-1-12-140",""
"MXIM-AV-1-11-175","","Forma parte de la edición Obras maestras, Canal Once TV, video 1 MXIM-AV-1-12-140",""
"MXIM-AV-1-11-176","","Forma parte de la edición Obras maestras, Canal Once TV, video 1 MXIM-AV-1-12-140",""
"MXIM-AV-1-11-177","","Forma parte de la edición Obras maestras, Canal Once TV, video 1 MXIM-AV-1-12-140",""
"MXIM-AV-1-11-178","","Forma parte de la edición Obras maestras, Canal Once TV, video 1 MXIM-AV-1-12-140",""
"MXIM-AV-1-11-179","","Forma parte de la edición Obras maestras, Canal Once TV, video 2 MXIM-AV-1-12-141","http://www.women-in-art.com/artists/item/291-rego-paula-figueiroa.html"
"MXIM-AV-1-11-180","","Forma parte de la edición Obras maestras, Canal Once TV, video 2 MXIM-AV-1-12-141",""
"MXIM-AV-1-11-181","","Forma parte de la edición Obras maestras, Canal Once TV, video 2 MXIM-AV-1-12-141",""
"MXIM-AV-1-11-182","","Forma parte de la edición Obras maestras, Canal Once TV, video 3 MXIM-AV-1-12-142",""
"MXIM-AV-1-11-183","","Forma parte de la edición Obras maestras, Canal Once TV, video 3 MXIM-AV-1-12-142",""
"MXIM-AV-1-11-184","","Forma parte de la edición Obras maestras, Canal Once TV, video 3 MXIM-AV-1-12-142",""
"MXIM-AV-1-11-185","","Forma parte de la edición Obras maestras, Canal Once TV, video 3 MXIM-AV-1-12-142",""
"MXIM-AV-1-11-186","","Forma parte de la edición Obras maestras, Canal Once TV, video 3 MXIM-AV-1-12-142",""
"MXIM-AV-1-11-187","","Forma parte de la edición Obras maestras, Canal Once TV, video 3 MXIM-AV-1-12-142",""
"MXIM-AV-1-11-188","","Forma parte de la edición Obras maestras, Canal Once TV, video 4 MXIM-AV-1-12-143",""
"MXIM-AV-1-11-189","","Forma parte de la edición Ciclo testimonios MXIM-AV-1-11-26",""
"MXIM-AV-1-11-190","","Forma parte de la edición Ciclo testimonios MXIM-AV-1-11-26",""
"MXIM-AV-1-11-191","","Forma parte de la edición Ciclo testimonios MXIM-AV-1-11-26",""
"MXIM-AV-1-11-192","","Forma parte de la edición Portraits d´Alain Cavalier (2a parte) MXIM-AV-1-11-124",""
"MXIM-AV-1-11-193","","Forma parte de la edición Portraits d´Alain Cavalier (2a parte) MXIM-AV-1-11-124",""
"MXIM-AV-1-11-194","","Forma parte de la edición Portraits d´Alain Cavalier (2a parte) MXIM-AV-1-11-124",""
"MXIM-AV-1-11-195","","Forma parte de la edición Portraits d´Alain Cavalier (2a parte) MXIM-AV-1-11-124",""
"MXIM-AV-1-11-196","","Forma parte de la edición Portraits d´Alain Cavalier (2a parte) MXIM-AV-1-11-124",""
"MXIM-AV-1-11-197","","Forma parte de la edición Portraits d´Alain Cavalier (2a parte) MXIM-AV-1-11-124",""
"MXIM-AV-1-11-198","","Forma parte de la edición Portraits d´Alain Cavalier (2a parte) MXIM-AV-1-11-124",""
"MXIM-AV-1-11-199","","Forma parte de la edición Portraits d´Alain Cavalier (2a parte) MXIM-AV-1-11-124",""
"MXIM-AV-1-11-200","","Forma parte de la edición Portraits d´Alain Cavalier (2a parte) MXIM-AV-1-11-124",""
"MXIM-AV-1-11-201","","Forma parte de la edición Portraits d´Alain Cavalier (2a parte) MXIM-AV-1-11-124",""
"MXIM-AV-1-11-202","","Forma parte de la edición Portraits d´Alain Cavalier (2a parte) MXIM-AV-1-11-124",""
"MXIM-AV-1-11-203","","Forma parte de la edición Portraits d´Alain Cavalier (2a parte) MXIM-AV-1-11-124",""
"MXIM-AV-1-11-204","","Forma parte de la edición Portraits d´Alain Cavalier (2a parte) MXIM-AV-1-11-124",""
"MXIM-AV-1-11-205","","Forma parte del material físico Tato Bores, actor comico de la naciónMXIM-AV-1-11-137",""
"MXIM-AV-1-11-206","","",""
"MXIM-AV-1-11-207","","",""
"MXIM-AV-1-11-208","","",""
"MXIM-AV-1-11-209","","",""
"MXIM-AV-1-11-210","","",""
"MXIM-AV-1-11-211","","",""
"MXIM-AV-1-11-212","","",""
"MXIM-AV-1-11-213","","",""
"MXIM-AV-1-11-214","","",""
"MXIM-AV-1-11-215","","",""
"MXIM-AV-1-11-216","","",""
"MXIM-AV-1-11-217","","",""
"MXIM-AV-1-12-1","","",""
"MXIM-AV-1-12-2","","Unidades relacionadas con la migración de judíos: Un beso a esta tierra MXIM-AV-1-11-150","http://www.ruthbehar.com/AKMakingOf.htm"
"MXIM-AV-1-12-3","","",""
"MXIM-AV-1-12-4","","","http://www.valdelomar.com/inicio.php"
"MXIM-AV-1-12-5","","Unidades relacionadas con la migración de México: De nadie MXIM-AV-1-12-27, El Salitre, esbozo de una historia en fuga MXIM-AV-1-12-231",""
"MXIM-AV-1-12-6","","",""
"MXIM-AV-1-12-7","","",""
"MXIM-AV-1-12-8","","Unidades relacionadas con las desaparecidas de Ciudad Juárez: Justicia, protesta por los asesinatos de mujeres en Ciudad Juárez MXIM-AV-1-12-82 Señorita extraviada MXIM-AV-1-12-233",""
"MXIM-AV-1-12-9","","",""
"MXIM-AV-1-12-10","","",""
"MXIM-AV-1-12-11","","",""
"MXIM-AV-1-12-12","","","http://www.mexicoporelsahara.org/galerias/videos/34-cerca-del-olvido-luis-mariano-bouchot.html http://www.saharalibre.es/modules.php?name=News&file=article&sid=1457"
"MXIM-AV-1-12-13","","",""
"MXIM-AV-1-12-14","","",""
"MXIM-AV-1-12-15","","",""
"MXIM-AV-1-12-16","","",""
"MXIM-AV-1-12-17","","",""
"MXIM-AV-1-12-18","","",""
"MXIM-AV-1-12-19","","",""
"MXIM-AV-1-12-20","","Unidades relacionadas con empresas que se vuelven cooperativas: Piqueteras MXIM-AV-1-12-150 Alto Horno Zapla MXIM-AV-1-11-114","\"Corazón de fábrica: desde adentro\": http://www.fuseres.org/background/cine/91-corazon-de-fabrica.html"
"MXIM-AV-1-12-21","","",""
"MXIM-AV-1-12-22","","",""
"MXIM-AV-1-12-23","","",""
"MXIM-AV-1-12-24","","",""
"MXIM-AV-1-12-25","","",""
"MXIM-AV-1-12-26","","",""
"MXIM-AV-1-12-27","","Unidades relacionadas con la migración de México: Al otro lado MXIM-AV-1-12-5 El Salitre, esbozo de una historia en fuga MXIM-AV-1-12-231",""
"MXIM-AV-1-12-28","","",""
"MXIM-AV-1-12-29","","",""
"MXIM-AV-1-12-30","","","http://www.sexpistolsofficial.com/"
"MXIM-AV-1-12-31","","",""
"MXIM-AV-1-12-32","","",""
"MXIM-AV-1-12-33","","",""
"MXIM-AV-1-12-34","","Unidades relacionadas con el tema de la dictadura militar argentina y represión: La República perdida II MXIM-AV-1-10-22 Por esos ojos MXIM-AV-1-11-122 Cavallo entre rejas MXIM-AV-1-12-62 H.I.J.O.S. El alma en dos MXIM-AV-1-12-67 Nietos (Identidad y memoria) MIM-AV-1-12-133",""
"MXIM-AV-1-12-35","","","\"El Arenal, o donde están los monstruos\", Sinezine blogspot, 30 de agosto de 2008, Jorge Sánchez Sánchez, en : http://sinezine.blogspot.mx/2008/08/el-arenal-documental-realizado-por.html"
"MXIM-AV-1-12-36","","",""
"MXIM-AV-1-12-37","","",""
"MXIM-AV-1-12-38","","",""
"MXIM-AV-1-12-39","","",""
"MXIM-AV-1-12-40","Material audiovisual registrado en la base de datos de la Biblioteca Ernesto de la Torre Villar, Instituto Mora. Código de referencia: VV 322.44 MEM.de","",""
"MXIM-AV-1-12-41","","",""
"MXIM-AV-1-12-42","","",""
"MXIM-AV-1-12-43","","",""
"MXIM-AV-1-12-44","","",""
"MXIM-AV-1-12-45","","",""
"MXIM-AV-1-12-46","","",""
"MXIM-AV-1-12-47","","",""
"MXIM-AV-1-12-48","","",""
"MXIM-AV-1-12-49","","",""
"MXIM-AV-1-12-50","","","Sitio oficial: http://www.enelhoyo.com.mx"
"MXIM-AV-1-12-51","","",""
"MXIM-AV-1-12-52","","",""
"MXIM-AV-1-12-53","","Unidades relacionadas con la dictadura en Chile",""
"MXIM-AV-1-12-54","","Unidades relacionadas con la migración judía a México: Un beso a esta tierra MXIM-AV-1-11-150",""
"MXIM-AV-1-12-55","","",""
"MXIM-AV-1-12-55-3","","",""
"MXIM-AV-1-12-56","","",""
"MXIM-AV-1-12-57","","",""
"MXIM-AV-1-12-58","","",""
"MXIM-AV-1-12-59","","",""
"MXIM-AV-1-12-60","","",""
"MXIM-AV-1-12-61","","",""
"MXIM-AV-1-12-62","","Unidades relacionadas con la dictadura militar en Argentina: Por esos ojos MXIM-AV-1-11-122 El alma de los verdugos MXIM-AV-1-12-34","www.cavalloentrerejas.com"
"MXIM-AV-1-12-63","","",""
"MXIM-AV-1-12-64","","Unidades relacionadas con el 10 de junio de 1971 en México:  10 de junio, Crimen de Estado MXIM-AV-1-12-81",""
"MXIM-AV-1-12-65","","",""
"MXIM-AV-1-12-66","","",""
"MXIM-AV-1-12-67","","Unidades relacionadas con los hijos y nietos de los desaparecidos políticos de la dictadura militar argentina:       Nietos (Identidad y memoria) MXIM-AV-1-12-133",""
"MXIM-AV-1-12-68","","",""
"MXIM-AV-1-12-69","Material audiovisual registrado en la base de datos de la Biblioteca Ernesto de la Torre Villar, Instituto Mora. Código de referencia: VV 791.45 HIS.d.1","",""
"MXIM-AV-1-12-70","Material audiovisual registrado en la base de datos de la Biblioteca Ernesto de la Torre Villar, Instituto Mora. Código de referencia: VV 791.45 HIS.d.2","",""
"MXIM-AV-1-12-71","Material audiovisual registrado en la base de datos de la Biblioteca Ernesto de la Torre Villar, Instituto Mora. Código de referencia: VV 791.45 HIS.d.3","",""
"MXIM-AV-1-12-72","Material audiovisual registrado en la base de datos de la Biblioteca Ernesto de la Torre Villar, Instituto Mora. Código de referencia: VV 791.45 HIS.d.4","",""
"MXIM-AV-1-12-73","Material audiovisual registrado en la base de datos de la Biblioteca Ernesto de la Torre Villar, Instituto Mora. Código de referencia: VV 791.45 HIS.d.5","",""
"MXIM-AV-1-12-74","Material audiovisual registrado en la base de datos de la Biblioteca Ernesto de la Torre Villar, Instituto Mora. Código de referencia: VV 791.45 HIS.d.6","",""
"MXIM-AV-1-12-75","Material audiovisual registrado en la base de datos de la Biblioteca Ernesto de la Torre Villar, Instituto Mora. Código de referencia: VV 780.729045 HIS.d v.1","",""
"MXIM-AV-1-12-76","Material audiovisual registrado en la base de datos de la Biblioteca Ernesto de la Torre Villar, Instituto Mora. Código de referencia: VV 780.729045 HIS.d v.2","",""
"MXIM-AV-1-12-77","Material audiovisual registrado en la base de datos de la Biblioteca Ernesto de la Torre Villar, Instituto Mora. Código de referencia: VV 368.4972 HIS.d","",""
"MXIM-AV-1-12-78","Material audiovisual registrado en la base de datos de la Biblioteca Ernesto de la Torre Villar, Instituto Mora. Código de referencia: VV 972.061 LOM.d","",""
"MXIM-AV-1-12-79","","",""
"MXIM-AV-1-12-80","","",""
"MXIM-AV-1-12-81","Material audiovisual registrado en la base de datos de la Biblioteca Ernesto de la Torre Villar, Instituto Mora. Código de referencia: VV 322.44 DIE.d","Unidades relacionadas con el 10 de junio de 1971 en México: Halcones, terrorismo de Estado MXIM-AV-1-12-64",""
"MXIM-AV-1-12-82","","Unidades relacionadas con las desaparecidas de Ciudad Juárez: Bajo Juárez, la ciudad devorando a sus hijas MXIM-AV-1-12-8 Señorita extraviada MXIM-AV-1-12-233",""
"MXIM-AV-1-12-83","","",""
"MXIM-AV-1-12-84","","",""
"MXIM-AV-1-12-85","","",""
"MXIM-AV-1-12-86","","",""
"MXIM-AV-1-12-87","","",""
"MXIM-AV-1-12-88","","",""
"MXIM-AV-1-12-89","","",""
"MXIM-AV-1-12-90","","",""
"MXIM-AV-1-12-91","","",""
"MXIM-AV-1-12-92","","",""
"MXIM-AV-1-12-93","","",""
"MXIM-AV-1-12-94","","",""
"MXIM-AV-1-12-95","Material audiovisual registrado en la base de datos de la Biblioteca Ernesto de la Torre Villar, Instituto Mora. Código de referencia: VV 972.061 LOM.d","Forma parte de la edición Lo mejor de la Revolución Mexicana MXIM-AV-1-12-78",""
"MXIM-AV-1-12-96","Material audiovisual registrado en la base de datos de la Biblioteca Ernesto de la Torre Villar, Instituto Mora. Código de referencia: VV 972.061 LOM.d","Forma parte de la edición Lo mejor de la Revolución Mexicana MXIM-AV-1-12-78 Unidades relacionadas con las películas de Pancho Villa: Los rollos perdidos de Pancho Villa MXIM-AV-1-12-78-2",""
"MXIM-AV-1-12-97","","",""
"MXIM-AV-1-12-98","","",""
"MXIM-AV-1-12-99","","",""
"MXIM-AV-1-12-100","","",""
"MXIM-AV-1-12-101","","",""
"MXIM-AV-1-12-102","","","http://www.eltucumanazo.net/"
"MXIM-AV-1-12-103","","Unidades relacionadas con políticas de privatización Power Trip MXIM-AV-1-12-153",""
"MXIM-AV-1-12-104","","",""
"MXIM-AV-1-12-105","","",""
"MXIM-AV-1-12-106","","",""
"MXIM-AV-1-12-107","","Unidades relacionadas con la guerrilla en México:",""
"MXIM-AV-1-12-108","","",""
"MXIM-AV-1-12-109","Material audiovisual registrado en la base de datos de la Biblioteca Ernesto de la Torre Villar, Instituto Mora. Código de referencia: VV 338.0972 CAP.d","",""
"MXIM-AV-1-12-110","","",""
"MXIM-AV-1-12-111","","",""
"MXIM-AV-1-12-112","","",""
"MXIM-AV-1-12-113","","",""
"MXIM-AV-1-12-114","","Unidades relacionadas con la inmigración española a México a partir de la Guerra Civil Española.",""
"MXIM-AV-1-12-115","","","\"Pablo Fulgueira, cineasta daltónico\". Entrevista a Pablo Fulgueira: http://www.letraslibres.com/blogs/pablo-fulgueira-cineasta-daltonico. \"Documental: Venado (2009)\": http://www.mna.inah.gob.mx/index.php/ediciones-mna/video/179-venado.html"
"MXIM-AV-1-12-116","","Unidades relacionadas con la temática de los zapatistas en Chiapas: Un lugar llamado chiapas (MXIM-AV-1-11-9). Chiapas, la historia continúa (MXIM-AV-1-11-21). Chiapas, la otra guerra (MXIM-AV-1-11-22). Chiapas, historia inconclusa (MXIM-AV-1-11-23). La guerra de Chiapas (MXIM-AV-1-11-79). Los más pequeños, Un retrato del Ejército Zapatista de Liberación Nacional (MXIM-AV-1-11-91). Marcos, Marcos... (MXIM-AV-1-11-99). Todos somos Marcos (MXIM-AV-1-11-148). Un puente a la esperanza, entrevista con Marcos (MXIM-AV-1-11-152). Viaje al centro de la selva, Memorial zapatista (MXIM-AV-1-11-155). Chiapas. Diálogo bajo amenaza (MXIM-AV-1-11-20)",""
"MXIM-AV-1-12-117","","",""
"MXIM-AV-1-12-118","","",""
"MXIM-AV-1-12-119","","","http://lacolifata.openware.biz/index.cgi http://videotecaalternativa.net/lt22-radio-la-colifata-pelicula-documental"
"MXIM-AV-1-12-120","Material audiovisual registrado en la base de datos de la Biblioteca Ernesto de la Torre Villar, Instituto Mora. Código de referencia: VV 338.0972132 HAZ.d","",""
"MXIM-AV-1-12-121","Material audiovisual registrado en la base de datos de la Biblioteca Ernesto de la Torre Villar, Instituto Mora. Código de referencia: VV 320.57 LUC.c","","www.lucio.com.es"
"MXIM-AV-1-12-122","","",""
"MXIM-AV-1-12-123","","",""
"MXIM-AV-1-12-124","","Unidades relacionadas con el Holocausto: La travesía MXIM-AV-1-12-135 El paraíso de Hafner MXIM-AV-1-12-223","http://www.marchadelavida.com.mx/"
"MXIM-AV-1-12-125","","",""
"MXIM-AV-1-12-126","","",""
"MXIM-AV-1-12-127","","",""
"MXIM-AV-1-12-128","","",""
"MXIM-AV-1-12-129","","Unidades relaciondas con mujeres encarceladas: Relatos desde el encierro MXIM-AV-1-12-159",""
"MXIM-AV-1-12-130","","","www.kids-with-cameras.org"
"MXIM-AV-1-12-131","","",""
"MXIM-AV-1-12-132","","",""
"MXIM-AV-1-12-133","","Unidades relacionadas con los hijos y nietos de los desaparecidos políticos de la dictadura militar argentina: H.I.J.O.S. El alma en dos MXIM-AV-1-12-67",""
"MXIM-AV-1-12-134","","",""
"MXIM-AV-1-12-135","","Unidades relacionadas con el Holocausto: Marcha de la vida MXIM-AV-1-12-124 El paraíso de Hafner MXIM-AV-1-12-223",""
"MXIM-AV-1-12-136","","",""
"MXIM-AV-1-12-137","","",""
"MXIM-AV-1-12-138","","","\"Nuestra música, de Jean-Luc Godard\", Miradas de cine, revista electrónica, Sección de crítica, no. 34, enero 2005, por Antoni Peris Grao, en: http://www.miradas.net/2005/n34/criticas/01_nuestramusica.html \"Entevista a Jean-Luc Godard a propósito de Notre musique\" por Robert Maggiori, La Argentinidad...al palo, 21 septiembre 2006, en: http://luchadores.wordpress.com/2006/09/21/entrevista-a-jean-luc-godard-a-proposito-de-%E2%80%9Cnuestra-musica%E2%80%9D/"
"MXIM-AV-1-12-139","","",""
"MXIM-AV-1-12-140","","",""
"MXIM-AV-1-12-141","","",""
"MXIM-AV-1-12-141-6","","",""
"MXIM-AV-1-12-141-7","","",""
"MXIM-AV-1-12-141-8","","",""
"MXIM-AV-1-12-142","","",""
"MXIM-AV-1-12-143","","",""
"MXIM-AV-1-12-144","","",""
"MXIM-AV-1-12-145","","",""
"MXIM-AV-1-12-146","","",""
"MXIM-AV-1-12-147","","",""
"MXIM-AV-1-12-148","","",""
"MXIM-AV-1-12-149","","Unidades relacionadas con la decena trágica:",""
"MXIM-AV-1-12-150","","Unidades relacionadas con empresas que se vuelven cooperativas: Corazón de fábrica MXIM-AV-1-12-20 Altos hornos Zapla MXIM-AV-1-11-114",""
"MXIM-AV-1-12-151","","",""
"MXIM-AV-1-12-152","","",""
"MXIM-AV-1-12-153","","Unidades relacionadas con políticas de privatización: La gran venta MXIM-AV-1-12-103",""
"MXIM-AV-1-12-154","","Unidades relacionadas con el movimiento magisterial en Oaxaca: Un poquito de tanta verdad MXIM-AV1-12-220 Compromiso cumplido MXIM-AV-1-12-282",""
"MXIM-AV-1-12-155","","",""
"MXIM-AV-1-12-156","","",""
"MXIM-AV-1-12-157","","",""
"MXIM-AV-1-12-158","","",""
"MXIM-AV-1-12-159","","Unidades relaciondas con mujeres encarceladas: Mi vida dentro MXIM-AV-1-129","http://antropologiavisual.com.mx/es/muestra-mexicana/70-qrelatos-desde-el-encierroq-de-guadalupe-miranda.html"
"MXIM-AV-1-12-160","","",""
"MXIM-AV-1-12-161","","","http://returntobolivia.blogspot.mx/"
"MXIM-AV-1-12-162","","",""
"MXIM-AV-1-12-163","","",""
"MXIM-AV-1-12-164","","",""
"MXIM-AV-1-12-165","","",""
"MXIM-AV-1-12-166","","",""
"MXIM-AV-1-12-167","","",""
"MXIM-AV-1-12-168","","",""
"MXIM-AV-1-12-169","Material audiovisual registrado en la base de datos de la Biblioteca Ernesto de la Torre Villar, Instituto Mora. Código de referencia: VV 322.4 VIV.l","Unidades relacionadas al tema de desapareciones políticas:",""
"MXIM-AV-1-12-170","","",""
"MXIM-AV-1-12-171","","","www.senderodelpeje.com, www.canalseisdejulio.com"
"MXIM-AV-1-12-172","","",""
"MXIM-AV-1-12-173","","",""
"MXIM-AV-1-12-174","","",""
"MXIM-AV-1-12-175","","",""
"MXIM-AV-1-12-176","","",""
"MXIM-AV-1-12-177","","Unidades relacionadas con la temática: Huicholes MXIM-AV-1-12-115 Los pasos del cantador",""
"MXIM-AV-1-12-178","","",""
"MXIM-AV-1-12-179","","Forma parte de la edición Spenceer Nakasako´s trilogy MXIM-AV-1-12-168",""
"MXIM-AV-1-12-180","","Unidades relacionadas con el movimiento estudiantal de 1968: Historia de un documento MXIM-AV-1-9-7 Díaz Ordaz y el 68 MXIM-AV-1-11-112 México 68 MXIM-AV-1-11-106 El memorial del 68 MXIM-AV-1-12-40 Batallón Olimpia, documento abierto MXIM-AV- 1-11-14",""
"MXIM-AV-1-12-181","","","Toro negro: ética y documental. En: http://www.letraslibres.com/revista/artes-y-medios/toro-negro-etica-y-documental \"Toro negro, comentario de Ricardo Chacón\": http://antropologiavisual.com.mx/es/muestra-mexicana/103-qtoro-negroq-de-carlos-armella-y-pedro-gonzalez-rubio.html?start=1"
"MXIM-AV-1-12-182","","",""
"MXIM-AV-1-12-183","","",""
"MXIM-AV-1-12-184","","",""
"MXIM-AV-1-12-185","","",""
"MXIM-AV-1-12-186","","",""
"MXIM-AV-1-12-187","","",""
"MXIM-AV-1-12-188","","",""
"MXIM-AV-1-12-354","","",""
"MXIM-AV-1-12-355","","",""
"MXIM-AV-1-12-188-3","","",""
"MXIM-AV-1-12-188-4","","",""
"MXIM-AV-1-12-188-5","","",""
"MXIM-AV-1-12-188-6","","",""
"MXIM-AV-1-12-188-7","","",""
"MXIM-AV-1-12-188-8","","",""
"MXIM-AV-1-12-188-9","","",""
"MXIM-AV-1-12-188-10","","",""
"MXIM-AV-1-12-189","","","Presentaron Visión de los vencidos, 500 años después, video producido por TvUNAM, en: http://www.jornada.unam.mx/2003/05/02/04an2cul.php?origen=cultura.php&fly=1"
"MXIM-AV-1-12-190","","",""
"MXIM-AV-1-12-191","","",""
"MXIM-AV-1-12-192","","",""
"MXIM-AV-1-12-193","","",""
"MXIM-AV-1-12-194","","",""
"MXIM-AV-1-12-195","","",""
"MXIM-AV-1-12-196","","",""
"MXIM-AV-1-12-197","","",""
"MXIM-AV-1-12-198","","",""
"MXIM-AV-1-12-199","","",""
"MXIM-AV-1-12-200","","",""
"MXIM-AV-1-12-201","","",""
"MXIM-AV-1-12-202","","",""
"MXIM-AV-1-12-203","","",""
"MXIM-AV-1-12-204","","",""
"MXIM-AV-1-12-205","","",""
"MXIM-AV-1-12-206","","",""
"MXIM-AV-1-12-207","","",""
"MXIM-AV-1-12-208","","",""
"MXIM-AV-1-12-209","","",""
"MXIM-AV-1-12-210","","",""
"MXIM-AV-1-12-211","","","www.globelics.org"
"MXIM-AV-1-12-212","","","ECUARUNARI: www.ecuarunari.org"
"MXIM-AV-1-12-213","","",""
"MXIM-AV-1-12-214","","",""
"MXIM-AV-1-12-215","","",""
"MXIM-AV-1-12-216","","",""
"MXIM-AV-1-12-217","","",""
"MXIM-AV-1-12-218","","",""
"MXIM-AV-1-12-219","","","http://www.corrugate.org/index.html"
"MXIM-AV-1-12-220","","","http://www.corrugate.org/index.html"
"MXIM-AV-1-12-221","Material audiovisual registrado en la base de datos de la Biblioteca Ernesto de la Torre Villar, Instituto Mora. Código de referencia: VV 972.85053 INM.o","Unidades relacionadas con la guerrilla en Nicaragua:                 La balada del pequeño soldado MXIM-AV-1-12-208-2",""
"MXIM-AV-1-12-222","","","http://www.sweetcrudemovie.com"
"MXIM-AV-1-12-223","","",""
"MXIM-AV-1-12-224","","",""
"MXIM-AV-1-12-225","","",""
"MXIM-AV-1-12-226","","",""
"MXIM-AV-1-12-227","","",""
"MXIM-AV-1-12-228","Material audiovisual registrado en la base de datos de la Biblioteca Ernesto de la Torre Villar, Instituto Mora. Código de referencia: VV 321.94 PAR.d","Tema: Holocausto",""
"MXIM-AV-1-12-229","","",""
"MXIM-AV-1-12-230","","Unidades relacionadas con ferrocarrileros: Km C-62 Un nómada del riel",""
"MXIM-AV-1-12-231","","",""
"MXIM-AV-1-12-232","","",""
"MXIM-AV-1-12-233","","",""
"MXIM-AV-1-12-234","","",""
"MXIM-AV-1-12-235","","",""
"MXIM-AV-1-12-236","","",""
"MXIM-AV-1-12-237","","",""
"MXIM-AV-1-12-238","","Montoneros  MXIM-AV-1-11-109",""
"MXIM-AV-1-12-239","","Unidades relacionadas con el tema de la dictadura militar argentina y represión:                                                     Montoneros  MXIM-AV-1-11-109                                                       El alma de los verdugos  MXIM-AV-1-12-34                                 La República perdida II MXIM-AV-1-10-22",""
"MXIM-AV-1-12-240","","",""
"MXIM-AV-1-12-241","","Unidades relacionadas con el tema de la migración en México: Al otro lado MXIM-AV-1-12-5 De nadie MXIM-AV-1-12-27",""
"MXIM-AV-1-12-242","","",""
"MXIM-AV-1-12-243","","Unidades relacionadas con las mujeres desaparecidas de Ciudad Juárez:                                                                     Justicia, protesta por los asesinatos de mujeres en Ciudad Juárez MXIM-AV-1-12-82                                                          Bajo Juárez, la ciudad devorando a sus hiijas MXIM-AV-1-12-8",""
"MXIM-AV-1-12-244","","Forma parte de la edición Creación audiovisual. Documental comunitario MXIM-AV-1-12-21 Unidades relacionadas con historias de multifamiliares: Mi Multi es mi Multi. Historia oral del Multifamiliar Miguel Alemán (1949-1999): MXIM-AV-1-11-108",""
"MXIM-AV-1-12-245","","Forma parte de la edición Creación audiovisual. Documental comunitario MXIM-AV-1-12-21",""
"MXIM-AV-1-12-246","","Forma parte de la edición Creación audiovisual. Documental comunitario MXIM-AV-1-12-21",""
"MXIM-AV-1-12-247","","Forma parte de la edición Creación audiovisual. Documental comunitario MXIM-AV-1-12-21",""
"MXIM-AV-1-12-248","","Forma parte de la edición Creación audiovisual. Documental comunitario MXIM-AV-1-12-21",""
"MXIM-AV-1-12-249","","Forma parte de la edición Creación audiovisual. Documental comunitario MXIM-AV-1-12-21 Unidades relacionadas con la mayordomía de San Judas Tadeo: Un día con San Judas MXIM-AV-1-13-41",""
"MXIM-AV-1-12-250","","Forma parte de la edición Creación audiovisual. Documental comunitario MXIM-AV-1-12-21",""
"MXIM-AV-1-12-251","","Forma parte de la edición Creación audiovisual. Documental comunitario MXIM-AV-1-12-21",""
"MXIM-AV-1-12-252","","Forma parte de la edición Creación audiovisual. Documental comunitario MXIM-AV-1-12-21",""
"MXIM-AV-1-12-253","","Forma parte de la edición Creación audiovisual. Documental comunitario MXIM-AV-1-12-21","www.ligadeaventureros.org.mx"
"MXIM-AV-1-12-254","","Forma parte de la edición Creación audiovisual. Documental comunitario MXIM-AV-1-12-21",""
"MXIM-AV-1-12-255","","Forma parte de la edición De la tinta a la imagen, Memorias y tradiciones de mi ciudad MXIM-AV-1-12-25",""
"MXIM-AV-1-12-256","","Forma parte de la edición De la tinta a la imagen, Memorias y tradiciones de mi ciudad MXIM-AV-1-12-25",""
"MXIM-AV-1-12-257","","Forma parte de la edición De la tinta a la imagen, Memorias y tradiciones de mi ciudad MXIM-AV-1-12-25",""
"MXIM-AV-1-12-258","","Forma parte de la edición De la tinta a la imagen, Memorias y tradiciones de mi ciudad MXIM-AV-1-12-25",""
"MXIM-AV-1-12-260","","Form parte de la edición Deux films d´Agnes Varda MXIM-AV-1-1-12-29",""
"MXIM-AV-1-12-261","","Forma parte de la edición El memorial del 68 MXIM-AV-1-12-40",""
"MXIM-AV-1-12-262","","Forma parte de la edición El memorial del 68 MXIM-AV-1-12-40",""
"MXIM-AV-1-12-263","","Forma parte de la edición El memorial del 68 MXIM-AV-1-12-40",""
"MXIM-AV-1-12-264","","Forma parte de la edición El memorial del 68 MXIM-AV-1-12-40",""
"MXIM-AV-1-12-265","","Forma parte de la edición El memorial del 68 MXIM-AV-1-12-40",""
"MXIM-AV-1-12-266","","Forma parte de la edición Tenderloin stories: Youth-produced Videos, 1989-2004 MXIM-AV-1-12-172",""
"MXIM-AV-1-12-267","","Forma parte de la edición Tenderloin stories: Youth-produced Videos, 1989-2004 MXIM-AV-1-12-172",""
"MXIM-AV-1-12-268","","Forma parte de la edición Tenderloin stories: Youth-produced Videos, 1989-2004 MXIM-AV-1-12-172",""
"MXIM-AV-1-12-269","","Forma parte de la edición Tenderloin stories: Youth-produced Videos, 1989-2004 MXIM-AV-1-12-172",""
"MXIM-AV-1-12-270","","Forma parte de la edición Tenderloin stories: Youth-produced Videos, 1989-2004 MXIM-AV-1-12-172",""
"MXIM-AV-1-12-271","","Forma parte de la edición Tenderloin stories: Youth-produced Videos, 1989-2004 MXIM-AV-1-12-172",""
"MXIM-AV-1-12-272","","Forma parte de la edición Tenderloin stories: Youth-produced Videos, 1989-2004 MXIM-AV-1-12-172",""
"MXIM-AV-1-12-273","","Forma parte de la edición Tenderloin stories: Youth-produced Videos, 1989-2004 MXIM-AV-1-12-172",""
"MXIM-AV-1-12-274","","Forma parte de la edición Tenderloin stories: Youth-produced Videos, 1989-2004 MXIM-AV-1-12-172",""
"MXIM-AV-1-12-275","","Forma parte de la edición Tenderloin stories: Youth-produced Videos, 1989-2004 MXIM-AV-1-12-172",""
"MXIM-AV-1-12-276","","Forma parte de la edición Tenderloin stories: Youth-produced Videos, 1989-2004 MXIM-AV-1-12-172",""
"MXIM-AV-1-12-277","","Forma parte de la edición Tenderloin stories: Youth-produced Videos, 1989-2004 MXIM-AV-1-12-172",""
"MXIM-AV-1-12-278","","Forma parte de la edición Tenderloin stories: Youth-produced Videos, 1989-2004 MXIM-AV-1-12-172",""
"MXIM-AV-1-12-279","","Forma parte de la edición Tenderloin stories: Youth-produced Videos, 1989-2004 MXIM-AV-1-12-172",""
"MXIM-AV-1-12-280","","Forma parte de la edición Tenderloin stories: Youth-produced Videos, 1989-2004 MXIM-AV-1-12-172",""
"MXIM-AV-1-12-281","","Forma parte de la edición Tenderloin stories: Youth-produced Videos, 1989-2004 MXIM-AV-1-12-172",""
"MXIM-AV-1-12-282","","Unidades relacionadas con la temática del conflicto magisterial en Oaxaca:                                                                                  La rebelión de las oaxaqueñas MXIM-AV-1-12-154                                                                               Un poquito de tanta verdad MXIM-AV-1-12-220",""
"MXIM-AV-1-12-283","","",""
"MXIM-AV-1-12-284","","",""
"MXIM-AV-1-12-285","","",""
"MXIM-AV-1-12-286","","",""
"MXIM-AV-1-12-287","","",""
"MXIM-AV-1-12-288","","",""
"MXIM-AV-1-12-289","","",""
"MXIM-AV-1-12-290","","",""
"MXIM-AV-1-12-291","","",""
"MXIM-AV-1-12-292","","",""
"MXIM-AV-1-12-293","","",""
"MXIM-AV-1-12-294","","",""
"MXIM-AV-1-12-295","","",""
"MXIM-AV-1-12-296","","",""
"MXIM-AV-1-12-297","","",""
"MXIM-AV-1-12-298","","",""
"MXIM-AV-1-12-299","","",""
"MXIM-AV-1-12-300","","",""
"MXIM-AV-1-12-301","","",""
"MXIM-AV-1-12-302","","",""
"MXIM-AV-1-12-303","","",""
"MXIM-AV-1-12-304","","",""
"MXIM-AV-1-12-305","","",""
"MXIM-AV-1-12-306","","",""
"MXIM-AV-1-12-307","","",""
"MXIM-AV-1-12-308","","",""
"MXIM-AV-1-12-309","","",""
"MXIM-AV-1-12-310","","",""
"MXIM-AV-1-12-311","","",""
"MXIM-AV-1-12-312","","",""
"MXIM-AV-1-12-313","","",""
"MXIM-AV-1-12-314","","",""
"MXIM-AV-1-12-315","","",""
"MXIM-AV-1-12-316","","",""
"MXIM-AV-1-12-317","","",""
"MXIM-AV-1-12-318","","",""
"MXIM-AV-1-12-319","","",""
"MXIM-AV-1-12-320","","",""
"MXIM-AV-1-12-321","","",""
"MXIM-AV-1-12-322","","",""
"MXIM-AV-1-12-323","","",""
"MXIM-AV-1-12-324","","",""
"MXIM-AV-1-12-325","","",""
"MXIM-AV-1-12-326","","",""
"MXIM-AV-1-12-327","","",""
"MXIM-AV-1-12-328","","",""
"MXIM-AV-1-12-329","","",""
"MXIM-AV-1-12-330","","",""
"MXIM-AV-1-12-331","","Centro Nacional de Prevención y educación sexual de las transmiciones de infección VIH/SIDA",""
"MXIM-AV-1-12-332","","",""
"MXIM-AV-1-12-333","","",""
"MXIM-AV-1-12-334","","",""
"MXIM-AV-1-12-335","","",""
"MXIM-AV-1-12-336","","",""
"MXIM-AV-1-12-337","","",""
"MXIM-AV-1-12-338","","",""
"MXIM-AV-1-12-339","","",""
"MXIM-AV-1-12-340","","",""
"MXIM-AV-1-12-341","","",""
"MXIM-AV-1-12-342","","",""
"MXIM-AV-1-12-343","","",""
"MXIM-AV-1-12-344","","",""
"MXIM-AV-1-12-345","","",""
"MXIM-AV-1-12-346","","",""
"MXIM-AV-1-12-347","","",""
"MXIM-AV-1-12-348","","",""
"MXIM-AV-1-12-349","","","http://www.scielo.org.mx/scielo.php?pid=S0185-16592009000200013&script=sci_arttext"
"MXIM-AV-1-12-350","","",""
"MXIM-AV-1-12-351","","",""
"MXIM-AV-1-12-352","","",""
"MXIM-AV-1-12-353","","",""
"MXIM-AV-1-10-8","","",""
"MXIM-AV-1-10-85","","",""
"MXIM-AV-1-13-1","","Temática: Discriminación en los medios.                                     Nosotros… los otros.                                                                       Medios y discriminación MXIM-AV-1-13-23 ",""
"MXIM-AV-1-13-10","Los capítulos están disponibles en: http://www.youtube.com/Prensaconapred","","Boletín de prensa no.800, México, D.F.,  22 de diciembre del 2012, 2012-088. \"Canal 22 y CONAPRED coprodujeron serie televisiva  para combatir la discriminación\". http://www.conapred.org.mx/index.php?contenido=boletin&id=491&id_opcion=103&op=213       Movimiento por la Diversidad Cultural en México: http://diversidadcultural.mx/web/                     Asociación Jalisciense de Grupos Indígenas: http://www.puebloindigena.com/"
"MXIM-AV-1-13-11","Los capítulos están disponibles en: http://www.youtube.com/Prensaconapred","","Boletín de prensa no.800, México, D.F.,  22 de diciembre del 2012, 2012-088. \"Canal 22 y CONAPRED coprodujeron serie televisiva  para combatir la discriminación\". http://www.conapred.org.mx/index.php?contenido=boletin&id=491&id_opcion=103&op=213   Organización México Negro http://www.redriood.org/index.php/miembros-mexico/37-mexico-negro-ac"
"MXIM-AV-1-13-12","Los capítulos están disponibles en: http://www.youtube.com/Prensaconapred","","Boletín de prensa no.800, México, D.F.,  22 de diciembre del 2012, 2012-088. \"Canal 22 y CONAPRED coprodujeron serie televisiva  para combatir la discriminación\". http://www.conapred.org.mx/index.php?contenido=boletin&id=491&id_opcion=103&op=213                   El Caracol   www.elcaracol.org.mx/                                                                                                      Visión Mundial de México http://www.worldvisionmexico.org.mx/                                             CONAPRED  http://www.conapred.org.mx/                                                                                             Red por los Derechos de la Infancia en México (redim) http://www.derechosinfancia.org.mx/"
"MXIM-AV-1-13-13","","",""
"MXIM-AV-1-13-14","Los capítulos están disponibles en: http://www.youtube.com/Prensaconapred","","Boletín de prensa no.800, México, D.F.,  22 de diciembre del 2012, 2012-088. \"Canal 22 y CONAPRED coprodujeron serie televisiva  para combatir la discriminación\". http://www.conapred.org.mx/index.php?contenido=boletin&id=491&id_opcion=103&op=213"
"MXIM-AV-1-13-15","","",""
"MXIM-AV-1-13-16","http://cinematecacuba2.blogspot.mx/2013/07/en-el-cuerpo-equivocado.html","","\"Reconocimiento y galardones al documental cubano \"En el cuerpo equivocado\" de la directora Marilyn Solaya, ganador del DocTV Latinoamérica II\", en: http://www.doctvlatinoamerica.org/es/noticias/reconocimiento-y-galardones-al-documental-cubano-e"
"MXIM-AV-1-13-17","","Unidades relacionadas con el tema de la dictadura militar uruguaya y represión:                                                                                                        Las manos en la tierra MXIM-AV-1-13-40                                          ",""
"MXIM-AV-1-13-18","","Unidades relacionadas con el movimiento en México del 68: ",""
"MXIM-AV-1-13-19","","",""
"MXIM-AV-1-13-2","Los capítulos están disponibles en: http://www.youtube.com/Prensaconapred","Temática: Población callejera.                                                        Voces de la guerrero MXIM-AV-1-12-45","Boletín de prensa no.800, México, D.F.,  22 de diciembre del 2012, 2012-088. \"Canal 22 y CONAPRED coprodujeron serie televisiva  para combatir la discriminación\". http://www.conapred.org.mx/index.php?contenido=boletin&id=491&id_opcion=103&op=213                   El Caracol A.C: 18 años recorriendo las calles: http://www.elcaracol.org.mx/                                     Cauce ciudadano : http://www.cauceciudadano.org.mx/"
"MXIM-AV-1-13-20","Los capítulos están disponibles en: http://www.youtube.com/Prensaconapred","","Boletín de prensa no.800, México, D.F.,  22 de diciembre del 2012, 2012-088. \"Canal 22 y CONAPRED coprodujeron serie televisiva  para combatir la discriminación\". http://www.conapred.org.mx/index.php?contenido=boletin&id=491&id_opcion=103&op=213                                                                                                                             Centro de Reflexión y Acción Laboral (CEREAL): http://www.fomento.org.mx/cereales/df.html"
"MXIM-AV-1-13-21","Los capítulos están disponibles en: http://www.youtube.com/Prensaconapred","","Boletín de prensa no.800, México, D.F.,  22 de diciembre del 2012, 2012-088. \"Canal 22 y CONAPRED coprodujeron serie televisiva  para combatir la discriminación\". http://www.conapred.org.mx/index.php?contenido=boletin&id=491&id_opcion=103&op=213"
"MXIM-AV-1-13-22","Los capítulos están disponibles en: http://www.youtube.com/Prensaconapred","","Boletín de prensa no.800, México, D.F.,  22 de diciembre del 2012, 2012-088. \"Canal 22 y CONAPRED coprodujeron serie televisiva  para combatir la discriminación\". http://www.conapred.org.mx/index.php?contenido=boletin&id=491&id_opcion=103&op=213"
"MXIM-AV-1-13-23","Los capítulos están disponibles en: http://www.youtube.com/Prensaconapred","Unidades relacionadas con el tema de discriminación en los medios:                                                                                              Historias para no pensar, Las familias en la televisión MXIM-AV-1-13-1  ","Boletín de prensa no.800, México, D.F.,  22 de diciembre del 2012, 2012-088. \"Canal 22 y CONAPRED coprodujeron serie televisiva  para combatir la discriminación\". http://www.conapred.org.mx/index.php?contenido=boletin&id=491&id_opcion=103&op=213"
"MXIM-AV-1-13-24","Los capítulos están disponibles en: http://www.youtube.com/Prensaconapred","","Boletín de prensa no.800, México, D.F.,  22 de diciembre del 2012, 2012-088. \"Canal 22 y CONAPRED coprodujeron serie televisiva  para combatir la discriminación\". http://www.conapred.org.mx/index.php?contenido=boletin&id=491&id_opcion=103&op=213"
"MXIM-AV-1-13-25","Los capítulos están disponibles en: http://www.youtube.com/Prensaconapred","","Boletín de prensa no.800, México, D.F.,  22 de diciembre del 2012, 2012-088. \"Canal 22 y CONAPRED coprodujeron serie televisiva  para combatir la discriminación\". http://www.conapred.org.mx/index.php?contenido=boletin&id=491&id_opcion=103&op=213"
"MXIM-AV-1-13-26","Los capítulos están disponibles en: http://www.youtube.com/Prensaconapred","","Boletín de prensa no.800, México, D.F.,  22 de diciembre del 2012, 2012-088. \"Canal 22 y CONAPRED coprodujeron serie televisiva  para combatir la discriminación\". http://www.conapred.org.mx/index.php?contenido=boletin&id=491&id_opcion=103&op=213"
"MXIM-AV-1-13-27","Los capítulos están disponibles en: http://www.youtube.com/Prensaconapred","","Boletín de prensa no.800, México, D.F.,  22 de diciembre del 2012, 2012-088. \"Canal 22 y CONAPRED coprodujeron serie televisiva  para combatir la discriminación\". http://www.conapred.org.mx/index.php?contenido=boletin&id=491&id_opcion=103&op=213 Constitución Mexicana: Cláusula anti discriminatoria: Artículo 1o, párrafo 3o. "
"MXIM-AV-1-13-28","Los capítulos están disponibles en: http://www.youtube.com/Prensaconapred","","Boletín de prensa no.800, México, D.F.,  22 de diciembre del 2012, 2012-088. \"Canal 22 y CONAPRED coprodujeron serie televisiva  para combatir la discriminación\". http://www.conapred.org.mx/index.php?contenido=boletin&id=491&id_opcion=103&op=213"
"MXIM-AV-1-13-29","Los capítulos están disponibles en: http://www.youtube.com/Prensaconapred","","Boletín de prensa no.800, México, D.F.,  22 de diciembre del 2012, 2012-088. \"Canal 22 y CONAPRED coprodujeron serie televisiva  para combatir la discriminación\". http://www.conapred.org.mx/index.php?contenido=boletin&id=491&id_opcion=103&op=213"
"MXIM-AV-1-13-3","Los capítulos están disponibles en: http://www.youtube.com/Prensaconapred","","Boletín de prensa no.800, México, D.F., 22 de diciembre del 2012, 2012-088. \"Canal 22 y CONAPRED coprodujeron serie televisiva para combatir la discriminación\". http://www.conapred.org.mx/index.php?contenido=boletin&id=491&id_opcion=103&op=213 Comunidad Participativa Tepito, A.C., ComParTe: www.comparte.org.mx"
"MXIM-AV-1-13-30","Los capítulos están disponibles en: http://www.youtube.com/Prensaconapred","","Boletín de prensa no.800, México, D.F.,  22 de diciembre del 2012, 2012-088. \"Canal 22 y CONAPRED coprodujeron serie televisiva  para combatir la discriminación\". http://www.conapred.org.mx/index.php?contenido=boletin&id=491&id_opcion=103&op=213"
"MXIM-AV-1-13-31","Los capítulos están disponibles en: http://www.youtube.com/Prensaconapred","","Boletín de prensa no.800, México, D.F.,  22 de diciembre del 2012, 2012-088. \"Canal 22 y CONAPRED coprodujeron serie televisiva  para combatir la discriminación\". http://www.conapred.org.mx/index.php?contenido=boletin&id=491&id_opcion=103&op=213"
"MXIM-AV-1-13-32","Los capítulos están disponibles en: http://www.youtube.com/Prensaconapred","","Boletín de prensa no.800, México, D.F.,  22 de diciembre del 2012, 2012-088. \"Canal 22 y CONAPRED coprodujeron serie televisiva  para combatir la discriminación\". http://www.conapred.org.mx/index.php?contenido=boletin&id=491&id_opcion=103&op=213"
"MXIM-AV-1-13-33","","",""
"MXIM-AV-1-13-34","https://vimeo.com/59237206","",""
"MXIM-AV-1-13-35","","",""
"MXIM-AV-1-13-36","","Unidades relacionadas con el tema de la Guerra civil española. ",""
"MXIM-AV-1-13-37","","",""
"MXIM-AV-1-13-38","","",""
"MXIM-AV-1-13-39","","",""
"MXIM-AV-1-13-4","Los capítulos están disponibles en: http://www.youtube.com/Prensaconapred","","Boletín de prensa no.800, México, D.F.,  22 de diciembre del 2012, 2012-088. \"Canal 22 y CONAPRED coprodujeron serie televisiva  para combatir la discriminación\". http://www.conapred.org.mx/index.php?contenido=boletin&id=491&id_opcion=103&op=213              Letra S: VIH/, sexualidad, salud: http://www.letraese.org.mx/                                                  Coordinación de Programa VIH/SIDA, Clínca Especializada Condesa, teléfono:  (01 55) 55 15 83 11                                                                                                                                            Censida México: http://censida.salud.gob.mx/                                                                                          Ave de México: http://www.avedemexico.org.mx/"
"MXIM-AV-1-13-40","","Unidades relacionadas con el tema de la dictadura militar uruguaya: Más allá del reglamento MXIM-AV-1-13-17",""
"MXIM-AV-1-13-41","","Unidades relacionadas con el rito de la mayordomía: Una mayordomía MXIM-AV-1-10-7 Unidades relacionadas con San Judas Tadeo: ¡San Juditas… power! MXIM-AV-1-12-239",""
"MXIM-AV-1-13-42","","",""
"MXIM-AV-1-13-43","","",""
"MXIM-AV-1-13-44","","",""
"MXIM-AV-1-13-45","","",""
"MXIM-AV-1-13-46-1","","",""
"MXIM-AV-1-13-46-2","","",""
"MXIM-AV-1-13-46-3","","",""
"MXIM-AV-1-13-46-4","","",""
"MXIM-AV-1-13-46-5","","",""
"MXIM-AV-1-13-46-6","","",""
"MXIM-AV-1-13-46-7","","",""
"MXIM-AV-1-13-46-8","","",""
"MXIM-AV-1-13-46-9","","",""
"MXIM-AV-1-13-47","Página UFFTUBE Portal de vídeos : http://ufftube.uff.br/video/3D39427215O2/Passados-Presentes--mem%C3%B3ria-negra-no-sul-fluminense","",""
"MXIM-AV-1-13-48","","",""
"MXIM-AV-1-13-49","","",""
"MXIM-AV-1-13-5","Los capítulos están disponibles en: http://www.youtube.com/Prensaconapred","Unidades relacionadas con la temática de la migración de México.                                                                                                    Al otro lado MXIM-AV-1-12-5,                                                                   De nadie MXIM-AV-1-12-27,                                                           El salitre, esbozo de una historia en fuga MXIM-AV-1-12-231","Boletín de prensa no.800, México, D.F.,  22 de diciembre del 2012, 2012-088. \"Canal 22 y CONAPRED coprodujeron serie televisiva  para combatir la discriminación\". http://www.conapred.org.mx/index.php?contenido=boletin&id=491&id_opcion=103&op=213              Centro de Derechos Humanos de la Montaña Tlachinollan: http://www.tlachinollan.org "
"MXIM-AV-1-13-6","Los capítulos están disponibles en: http://www.youtube.com/Prensaconapred","","Boletín de prensa no.800, México, D.F.,  22 de diciembre del 2012, 2012-088. \"Canal 22 y CONAPRED coprodujeron serie televisiva  para combatir la discriminación\". http://www.conapred.org.mx/index.php?contenido=boletin&id=491&id_opcion=103&op=213           Comité Internacional Prociegos http://www.prociegos.com/                                                                   Libre Acceso http://www.libreacceso.org/                                                                                              Confe (Confederación Mexicana de Organizaciones en favor de la persona con discapacidad intelectual): http://www.confe.org.mx/                                                                                                     C.A.I. Piña Palmera, AC-Pochutla, Oaxaca http://www.pinapalmera.org/                                                Red Integra-Cd. Juárez Chihuahua http://www.integra.org.mx/"
"MXIM-AV-1-13-7","Los capítulos están disponibles en: http://www.youtube.com/Prensaconapred","Temática: feminicidios y discriminación a la mujer.  ","Boletín de prensa no.800, México, D.F.,  22 de diciembre del 2012, 2012-088. \"Canal 22 y CONAPRED coprodujeron serie televisiva  para combatir la discriminación\". http://www.conapred.org.mx/index.php?contenido=boletin&id=491&id_opcion=103&op=213           Instituto Nacional de las mujeres: http://www.inmujeres.gob.mx/                                                         Centro de atención a la violencia doméstica: http://www.ilef.com.mx/ilef_014.htm                            Mujeres Aportando a Mujeres: www.mujeresmam.org.mx"
"MXIM-AV-1-13-8","Los capítulos están disponibles en: http://www.youtube.com/Prensaconapred","","Boletín de prensa no.800, México, D.F.,  22 de diciembre del 2012, 2012-088. \"Canal 22 y CONAPRED coprodujeron serie televisiva  para combatir la discriminación\". http://www.conapred.org.mx/index.php?contenido=boletin&id=491&id_opcion=103&op=213             Centro de Apoyo y Capacitación para Empleadas del Hogar http://conlactraho.org/page1/page12/page12.html                                                                   Confederación Latinoamericana y del Caribe de Trabajadoras del Hogar http://conlactraho.org/quienes.html"
"MXIM-AV-1-13-9","Los capítulos están disponibles en: http://www.youtube.com/Prensaconapred","","Boletín de prensa no.800, México, D.F.,  22 de diciembre del 2012, 2012-088. \"Canal 22 y CONAPRED coprodujeron serie televisiva  para combatir la discriminación\". http://www.conapred.org.mx/index.php?contenido=boletin&id=491&id_opcion=103&op=213"
