"codigo_de_referencia","imagen","url"
"MXIM-AV-1-4-1","man-with-a-movie-camera-january-29.jpg","https://www.youtube.com/watch?v=V7Y7DjLzdko"
"MXIM-AV-1-4-2","drifters1929babf6.jpg",""
"MXIM-AV-1-4-3","AP-FRAME-2188-kino-glaz-rodchenko-russian-poster-1924.jpg","https://www.youtube.com/watch?v=PRLewvfJxOs"
"MXIM-AV-1-4-4","Nanook_of_the_north.jpg","https://www.youtube.com/watch?v=HL7YL5auJzA"
"MXIM-AV-1-4-5","Nogent_para_so_de_domingo_C-593897496-large.jpg","https://vimeo.com/65517999"
"MXIM-AV-1-4-6","regentitle.jpg","https://www.youtube.com/watch?v=eNNI7knvh8o"
"MXIM-AV-1-5-1","6e8fe23f26458f4bf2905c8e698b59b5.jpg","https://www.youtube.com/watch?v=24Ti_8c6qjI"
"MXIM-AV-1-5-2","coal face(2).jpg","https://www.youtube.com/watch?v=TY26e1aBfgg"
"MXIM-AV-1-5-3","Trimph des Willens.jpg","https://www.youtube.com/watch?v=B1NGScnmRYw"
"MXIM-AV-1-5-4","14298915_640.jpg","https://vimeo.com/4950031"
"MXIM-AV-1-5-5","57OUYBUAbu2DAbbEtvL4mYzkRdQ.jpg","https://www.youtube.com/watch?v=3m78GJMzcyU"
"MXIM-AV-1-5-6","image360x491.jpg","https://www.youtube.com/watch?v=dMwkZiJtFyc"
"MXIM-AV-1-5-7","51SRA2CDVNL.jpg","https://www.youtube.com/watch?v=FkLoDg7e_ns"
"MXIM-AV-1-5-8","92931881_640.jpg","https://www.youtube.com/watch?v=3L8IseE7W-Q"
"MXIM-AV-1-5-9","007142.jpg","https://archive.org/details/TheRiverByPareLorentz"
"MXIM-AV-1-5-10","9FXgywOlDj0FbMQkAhoVbmvkN8y.jpg","https://www.youtube.com/watch?v=ep24InPrJRQ"
"MXIM-AV-1-5-11","Tri-Pesni-O-Lenin.jpg","https://vimeo.com/68878074"
"MXIM-AV-1-5-12","allisonv1710geartrainforrighthandrotatingengines1_zps5e83e896.jpg",""
"MXIM-AV-1-5-13","descarga (1).jpg",""
"MXIM-AV-1-5-14","SyMpJHNagTTzWvJBepWWErxkv5.jpg","https://vimeo.com/48331100"
"MXIM-AV-1-5-16","Bali Untericht Im Baris Tanz.jpg",""
"MXIM-AV-1-6-1","a diary for timothy - MXIM-AV-1-6-1.jpg","https://www.youtube.com/watch?v=0UuaJPGee20"
"MXIM-AV-1-6-2","918zB7UEmWL._SL1500_.jpg","https://www.youtube.com/watch?v=2i0B0ZMm26E"
"MXIM-AV-1-6-3","BMG7w6_CQAAFSPL.jpg",""
"MXIM-AV-1-6-4","El calderero -MXIM-AV-1-6-4.jpg","http://www.cimalpes.fr/Films-de-montagne-752-1520-0-0.html"
"MXIM-AV-1-6-5","el tonelero- MXIM-AV-1-6-5.jpg","http://webtv.agriculture.gouv.fr/le-tonnelier-1942-23-minutes-de-g-rouquier-video-1184.html"
"MXIM-AV-1-6-6","images.jpg","https://www.youtube.com/watch?v=JnZHDrXRrdc"
"MXIM-AV-1-6-7","Listen_to_Britain-title.jpg","http://www.theguardian.com/film/video/2012/apr/16/bfi-humphrey-jennings-listen-to-britain-video"
"MXIM-AV-1-6-8","London Can Take It crop1.jpg","https://www.youtube.com/watch?v=bLgfSDtHFt8"
"MXIM-AV-1-6-9","",""
"MXIM-AV-1-6-10","vangoghalainresnais1948avi000054600gd0.jpg","http://vimeo.com/40796525"
"MXIM-AV-1-6-11","Words_for_Battle_C-718870209-large.jpg","https://www.youtube.com/watch?v=tWy2QCP0UqU"
"MXIM-AV-1-6-12","cine mundial - MXIM-AV-1-6-12.JPG",""
"MXIM-AV-1-6-13","",""
"MXIM-AV-1-7-1","toute la memoire du monde.jpg","https://www.youtube.com/watch?v=i0RVSZ_yDjs"
"MXIM-AV-1-7-2","600full-every-day-except-christmas-poster.jpg","https://www.youtube.com/watch?v=q8IUUj96FZQ"
"MXIM-AV-1-7-3","rofrano.jpg","https://www.youtube.com/watch?v=iFRrtDBPMuA"
"MXIM-AV-1-7-4","j'ai fait un beau voyage.jpg","http://www.ina.fr/emissions/j-ai-fait-un-beau-voyage/"
"MXIM-AV-1-7-5","Les_maitres_fous.jpg","https://www.youtube.com/watch?v=r672kQp-o-0"
"MXIM-AV-1-7-6","mammy water.png","https://vimeo.com/57445578"
"MXIM-AV-1-7-7","moi un noir.jpg","https://www.youtube.com/watch?v=12nq75j-dqw"
"MXIM-AV-1-7-8","nuitetbrouillard.jpg","https://www.youtube.com/watch?v=5xX3NKYeSbI"
"MXIM-AV-1-7-9","",""
"MXIM-AV-1-7-10","Lambeth boys.jpg","https://www.youtube.com/watch?v=ANb3l-jRfh0"
"MXIM-AV-1-7-11","guernica MXIM-AV-1-7-11.jpg","https://www.youtube.com/watch?v=7SR7ov55k5s"
"MXIM-AV-1-7-12","Le_chant_du_Styr_ne.jpg","https://vimeo.com/14154663"
"MXIM-AV-1-8-1","la_pyramide_humaine0.jpg","https://vimeo.com/24140878"
"MXIM-AV-1-8-2","cine-TireDie.jpg","https://www.youtube.com/watch?v=B3DedMr5NwE"
"MXIM-AV-1-8-3","Valparaiso.jpg","https://vimeo.com/25746862"
"MXIM-AV-1-8-4","El principio- MXIM-AV-1-8-4.png","https://vimeo.com/118337583"
"MXIM-AV-1-8-6","ChiefsTitle.jpg","https://www.youtube.com/watch?v=NmyM5JKqqUs"
"MXIM-AV-1-8-7","MV5BMTYwNjY4OTM2OF5BMl5BanBnXkFtZTcwMDQwNzExOQ@@._V1_SY317_CR51,0,214,317_AL_.jpg","https://www.youtube.com/watch?v=dhmAVJ4_x0Y"
"MXIM-AV-1-8-8","Encuesta_sobre_el_amor-190100873-large.jpg","https://www.youtube.com/watch?v=9CI637_8voY"
"MXIM-AV-1-8-9","dont-look-back1.jpg","https://www.youtube.com/watch?v=C6y7AXw5U6w"
"MXIM-AV-1-8-10","we.jpg","https://www.youtube.com/watch?v=I21Jn9ypscU"
"MXIM-AV-1-8-11","fotografia della famiglia itialiana.jpg","https://www.youtube.com/watch?v=9c0ux8vmVbo"
"MXIM-AV-1-8-12","Hanoi_martes_13-322147743-large.jpg","https://www.youtube.com/watch?v=4vOMQPQjR2c"
"MXIM-AV-1-8-13","92824_2.jpg","https://www.youtube.com/watch?v=C_91PKG66gE"
"MXIM-AV-1-8-14","JAGUAR1.jpg","https://www.youtube.com/watch?v=QHMBj393nN0"
"MXIM-AV-1-8-15","eYwDKys.jpg","https://vimeo.com/82311814"
"MXIM-AV-1-8-16","07direccion_renoir.jpg","http://www.transmettrelecinema.com/video/la-direction-dacteur-par-jean-renoir/"
"MXIM-AV-1-8-17","hhornos2.jpg","https://www.youtube.com/watch?v=CV-rn2w0YVQ"
"MXIM-AV-1-8-18","lajetee.jpg","https://vimeo.com/53424634"
"MXIM-AV-1-8-19","Herakles.(Werner.Herzog,.1962).jpg","https://vimeo.com/51616458"
"MXIM-AV-1-8-20","La punition- MXIM-AV-1-8-20.jpg",""
"MXIM-AV-1-8-21","lawandorder.jpg","https://www.youtube.com/watch?v=rm0icUC5mkA"
"MXIM-AV-1-8-22","descarga (3).jpg","https://www.youtube.com/watch?v=U5vAQEWkZK0"
"MXIM-AV-1-8-23","Un león llamado El americano- MXIM-AV-1-8-23.jpg","http://www.dailymotion.com/video/x2juzfg"
"MXIM-AV-1-8-24","México Bárbaro - MXIM-AV-1-8-24.jpg","https://www.youtube.com/watch?v=LS_ZqfOPKqg"
"MXIM-AV-1-8-25","Morir_En_Madrid-Caratula.jpg","https://www.youtube.com/watch?v=rnPT2Bh5nqo"
"MXIM-AV-1-8-26","icaic.jpg","https://www.youtube.com/watch?v=SRzXQCWMp5s"
"MXIM-AV-1-8-27","Now1.jpg","https://www.youtube.com/watch?v=vQ6c5n1ycoE"
"MXIM-AV-1-8-28","1968LetzteWorteCOR.jpg","https://www.youtube.com/watch?v=Vi1Z9lcMNss"
"MXIM-AV-1-8-29","Rumanien.jpg",""
"MXIM-AV-1-8-30","icaic.jpg",""
"MXIM-AV-1-8-31","041_Mex_1500w.jpg",""
"MXIM-AV-1-8-32","terminus.jpg","https://www.youtube.com/watch?v=fx_lUCgC-Jo&noredirect=1"
"MXIM-AV-1-8-33","51WRM2+DPTL.jpg","https://www.youtube.com/watch?v=b8wiaj4pnFs"
"MXIM-AV-1-8-34","descarga (4).jpg",""
"MXIM-AV-1-9-1","MXIM-AV-1-9-1.jpg","https://www.youtube.com/watch?v=iOHYol7AXqU"
"MXIM-AV-1-9-2","1-9-2.jpg",""
"MXIM-AV-1-9-3","MXIM-A-V-1-9-3.jpg","https://www.youtube.com/watch?v=-aaLnkUvfYA"
"MXIM-AV-1-9-4","MXIM-AV--1-9--4.jpg","https://vimeo.com/84815324"
"MXIM-AV-1-9-5","MXIM-AV-1-9-5.jpg","https://www.youtube.com/watch?v=FVzCTUwxxqs"
"MXIM-AV-1-9-6","MXIM-AV-1-9-6.jpg",""
"MXIM-AV-1-9-7","MXIM-1-9-7.jpg",""
"MXIM-AV-1-9-8","MXIM-AV-1-9-8.jpg","https://www.youtube.com/watch?v=ldfQmR9Wmdk"
"MXIM-AV-1-9-9","Batalla de Chile- golpe de estado - MXIM-AV-1-9-9.jpg","https://www.youtube.com/watch?v=N8psY-kGEH4"
"MXIM-AV-1-9-10","MXIM-AV-1-9-10.jpg","https://vimeo.com/106808776"
"MXIM-AV-1-9-11","1-9-11.jpg",""
"MXIM-AV-1-9-12","el herrero - MXIM-AV-1-9-12.jpg",""
"MXIM-AV-1-9-13","MXIM-AV-1-9-13.jpg","https://www.youtube.com/watch?v=zLVDxK6fX5k"
"MXIM-AV-1-9-14","coffret4.jpg",""
"MXIM-AV-1-9-15","1-9-15.jpg",""
"MXIM-AV-1-9-16","el tren en marcha - MXIM-AV-1-9-16.jpg",""
"MXIM-AV-1-9-17","",""
"MXIM-AV-1-9-18","afpeti01.jpg","https://www.youtube.com/watch?v=IxnbYV4-su8"
"MXIM-AV-1-9-19","MXIM-AV-1-9-19.jpg",""
"MXIM-AV-1-9-20","pelea de hachas - MXIM-AV-1-9-20.jpg",""
"MXIM-AV-1-9-21","MXIM-AV-1-9-21.jpg",""
"MXIM-AV-1-9-22","Los tambores de antaño- MXIM-AV-1-9-22.jpg","https://www.youtube.com/watch?v=wQKsDM5p97I"
"MXIM-AV-1-9-23","TOROS.jpg",""
"MXIM-AV-1-9-24","West Neuguinea Besuchsfest.jpg","https://av.getinfo.de/media/11715?0"
"MXIM-AV-1-9-25","La_soufri_re-705581562-large.jpg",""
"MXIM-AV-1-9-26","Obitateli - MXIM-AV-1-9-26.jpg","https://vimeo.com/118341817"
"MXIM-AV-1-9-27","estaciones.jpg","https://www.youtube.com/watch?v=NCQqS1hTNrc"
"MXIM-AV-1-9-28","nawi- MXIM-AV-1-9-28.jpg",""
"MXIM-AV-1-9-29","under_the_mens_tree_1.png",""
"MXIM-AV-1-9-30","MXIM-AV-1-9-30.jpg",""
"MXIM-AV-1-10-1","fsln.jpg","https://vimeo.com/29193492"
"MXIM-AV-1-10-2","425_antonio_original.jpg","https://www.youtube.com/watch?v=UwuZ0fgWCkE"
"MXIM-AV-1-10-3","dmp4rStehY83lYWePpxSwXRzp0x.jpg","https://www.youtube.com/watch?v=njcZxf-F9mI"
"MXIM-AV-1-10-4","thumb.7524690058e1c7a451743bb8646a9692761d1e50.jpg","https://www.youtube.com/watch?v=sVjQcTfHrwI"
"MXIM-AV-1-10-5","audiovisuales5.jpg","https://www.youtube.com/watch?v=jB-V_vDReNM"
"MXIM-AV-1-10-6","10_minutes_pour_lennon_1.png","https://www.youtube.com/watch?v=dtCkWTY7MTE"
"MXIM-AV-1-10-7","MXIM-AV-1-10-7.jpg",""
"MXIM-AV-1-10-8","MXIM-AV-1-10-8.jpg",""
"MXIM-AV-1-10-9","el eterno.jpg",""
"MXIM-AV-1-10-10","7_74.jpg",""
"MXIM-AV-1-10-11","elsalvador.jpg","https://www.youtube.com/watch?v=zz-Igaq2l7E"
"MXIM-AV-1-10-12","9_600_15.jpg",""
"MXIM-AV-1-10-13","encuentro.jpg",""
"MXIM-AV-1-10-14","MXIM-AV-1-10-14.jpg","https://www.youtube.com/watch?v=5V6SZ_Sg7Z8"
"MXIM-AV-1-10-15","3453277868151_faits_divers.jpg","https://vimeo.com/12268095"
"MXIM-AV-1-10-16","51C1HWF38KL.jpg","https://www.youtube.com/watch?v=AfJPm2ZHojE"
"MXIM-AV-1-10-17","MXIM-AV-1-10-17.jpg","https://www.youtube.com/watch?v=Q4CQ3Dmvtaw"
"MXIM-AV-1-10-18","poster.jpg","http://www.docuonline.com.ar/sociedad/koyaanisqatsi-life-out-of-balance-1982hd-video_3ccc94a04.html"
"MXIM-AV-1-10-19","MXIM-AV-1-10-19.jpg",""
"MXIM-AV-1-10-20","la-decision-de-vencer.jpg","https://www.youtube.com/watch?v=OndP91mjrFc"
"MXIM-AV-1-10-21","MXIM-AV-1-10-21.jpg","https://www.youtube.com/watch?v=s5J80EZa4gs"
"MXIM-AV-1-10-22","la-republica-perdida-2-1976-1983.jpg","https://www.youtube.com/watch?v=gKARCVSYEV4"
"MXIM-AV-1-10-23","lagunadedostiempos.jpg","https://www.youtube.com/watch?v=TLGNRVxo-Co"
"MXIM-AV-1-10-24","MXIM-AV-1-10-23.jpg",""
"MXIM-AV-1-10-25","MXIM-AV-1-10-25.jpg","https://www.youtube.com/watch?v=Wf8-Khrk8rw"
"MXIM-AV-1-10-26","lowryfarolito.jpg","https://www.youtube.com/watch?v=HKgBynELRBA"
"MXIM-AV-1-10-27","MXIM-AV-1-10-27.png","https://www.youtube.com/watch?v=OhvUJM9mm9A"
"MXIM-AV-1-10-28","mihijoelche.jpg","https://www.youtube.com/watch?v=nb9imVUfH-E"
"MXIM-AV-1-10-29","MXIM-AV-1-10-29.jpg","https://www.youtube.com/watch?v=_dHcNsKvnqE"
"MXIM-AV-1-10-30","20442715.jpg","https://www.youtube.com/watch?v=gMJQi7jF5dY"
"MXIM-AV-1-10-31","Nadie_es_inocente-487920540-large.jpg","https://www.youtube.com/watch?v=ZXr99xwjhcA"
"MXIM-AV-1-10-32","MXIM-AV-1-10-32.jpg","https://vimeo.com/11363026"
"MXIM-AV-1-10-33","sans-soleil-affiche_466054_37172.jpg","https://www.youtube.com/watch?v=0K8j3MU9dw4"
"MXIM-AV-1-10-34","image_preview.jpg","https://www.youtube.com/watch?v=WXJkaBCfsQk"
"MXIM-AV-1-10-35","max1148509584-front-cover.jpg","https://www.youtube.com/watch?v=sNVTmWRcUbY"
"MXIM-AV-1-10-36","MXIM-AV-1-10-36.jpg",""
"MXIM-AV-1-10-37","Reporters.jpg","http://www.ina.fr/video/CAA8200018201"
"MXIM-AV-1-10-38","abeja.jpg",""
"MXIM-AV-1-10-39","Reunion.jpg",""
"MXIM-AV-1-10-40","urgences-7710751.jpg","https://www.youtube.com/watch?v=9z19-MN9VVM"
"MXIM-AV-1-10-41","MXIM-AV-1-10-41.jpg","https://www.youtube.com/watch?v=WV6rlZ2V8AQ"
"MXIM-AV-1-10-42","Saumialuk.jpg",""
"MXIM-AV-1-10-43","Semana_santa_entre_los_mayos-MXIM-AV-1-10-43.jpg",""
"MXIM-AV-1-10-44","Los trovadores.jpg",""
"MXIM-AV-1-10-45","Sumatra Knochenumbettung.jpg",""
"MXIM-AV-1-10-46","soldado-herzog.png","https://www.youtube.com/watch?v=O-Io6Ot4kHY"
"MXIM-AV-1-10-47","Noso seculo.jpg","https://www.youtube.com/watch?v=g7FrY3CRZ1U"
"MXIM-AV-1-10-48","v33898qea3d.jpg",""
"MXIM-AV-1-10-49","v33898qea3d.jpg","http://search.alexanderstreet.com/preview/work/bibliographic_entity%7Cvideo_work%7C2164751"
"MXIM-AV-1-10-50","v33898qea3d.jpg","http://search.alexanderstreet.com/preview/cite/share/brief/bibliographic_entity%7Cvideo_work%7C2166211"
"MXIM-AV-1-10-51","v33898qea3d.jpg",""
"MXIM-AV-1-10-52","v33898qea3d.jpg",""
"MXIM-AV-1-10-53","v36395avohp.jpg",""
"MXIM-AV-1-10-54","v36395avohp.jpg","http://search.alexanderstreet.com/preview/work/bibliographic_entity%7Cvideo_work%7C1844825"
"MXIM-AV-1-10-55","v36395avohp.jpg","https://www.youtube.com/watch?v=QRq4umbUPZ0"
"MXIM-AV-1-10-56","v36395avohp.jpg","https://www.youtube.com/watch?v=nNCbjwySYC4"
"MXIM-AV-1-10-57","v36395avohp.jpg","http://www.dailymotion.com/video/x2afhtj_five-women-on-the-street-1913-ernst-ludwig-kirchner_creation"
"MXIM-AV-1-10-58","v36395avohp.jpg",""
"MXIM-AV-1-10-59","obras maestras.jpg",""
"MXIM-AV-1-10-60","obras maestras.jpg",""
"MXIM-AV-1-10-61","obras maestras.jpg",""
"MXIM-AV-1-10-62","obras maestras.jpg",""
"MXIM-AV-1-10-63","obras maestras.jpg",""
"MXIM-AV-1-10-64","obras maestras.jpg",""
"MXIM-AV-1-10-65","obras maestras.jpg",""
"MXIM-AV-1-10-66","51gxagoh3zl-_ss500_.jpg","https://www.youtube.com/watch?v=schFSTaJ8mc"
"MXIM-AV-1-10-67","La colchonera.jpg","https://www.youtube.com/watch?v=WXJkaBCfsQk"
"MXIM-AV-1-10-68","la filause.jpg","https://www.youtube.com/watch?v=X4JVVPrDFcU"
"MXIM-AV-1-10-69","la florista.jpg","https://www.youtube.com/watch?v=Xn9hO2Lr_f0"
"MXIM-AV-1-10-70","le orange.jpg","https://www.youtube.com/watch?v=JZMg7p6a1do"
"MXIM-AV-1-10-71","la brodeuse.jpg","https://www.youtube.com/watch?v=RoFgBc2sxms"
"MXIM-AV-1-10-72","la dame.jpg","https://www.youtube.com/watch?v=Q3JRUwA0cR4"
"MXIM-AV-1-10-73","la reliuse.jpg","https://www.youtube.com/watch?v=8EdZnpU89ck"
"MXIM-AV-1-10-74","la bistutre.jpg","https://www.youtube.com/watch?v=Bb6SkvtQyBk"
"MXIM-AV-1-10-75","la caneuse.jpg","https://www.youtube.com/watch?v=YK_fIK3XJwE"
"MXIM-AV-1-10-76","la repause.jpg","https://www.youtube.com/watch?v=4am_izjot9Q"
"MXIM-AV-1-10-77","la remoulse.jpg","https://www.youtube.com/watch?v=wDztblmGnxI"
"MXIM-AV-1-10-78","la maitre.jpg","https://www.youtube.com/watch?v=extAJjcLVHg"
"MXIM-AV-1-10-79","61RUIpu-pfL._SX378_BO1,204,203,200_.jpg","https://www.youtube.com/watch?v=2Y5rC7kDx3o"
"MXIM-AV-1-10-80","Despues_De-Caratula_1.jpg","https://www.youtube.com/watch?v=z2D7bh8ETrQ"
"MXIM-AV-1-10-81","Despu_s_de_primera_parte_No_se_os_puede_dejar_solos-319876273-large.jpg","https://vimeo.com/97168347"
"MXIM-AV-1-10-82","atado.jpg","https://vimeo.com/97710878"
"MXIM-AV-1-10-83","laisladelasflores.jpg","https://www.youtube.com/watch?v=Afy4LxRN67g"
"MXIM-AV-1-10-84","Corresponsables.jpg",""
"MXIM-AV-1-10-85","",""
"MXIM-AV-1-10-86","Amazon.com_-The-Social-Life-of-Small-Urban-Spaces-9780970632418_-William-H.-Whyte_-Books.jpg","https://vimeo.com/111488563"
"MXIM-AV-1-10-87","San_Clemente-516521380-large.jpg","https://www.youtube.com/watch?v=xyJK6SDm1ZE"
"MXIM-AV-1-11-1","MXIM-AV-1-11-1.jpg","https://youtu.be/ypIRH0Dpoao"
"MXIM-AV-1-11-2","ora riendo hora llorando.png",""
"MXIM-AV-1-11-3","MXIM-AV-1-11-3.jpg","http://www.dailymotion.com/video/xs1uoa_raymond-depardon-afriques-comment-ca-va-avec-la-douleur-1996-extrait-i_creation"
"MXIM-AV-1-11-4","Mas vale.jpg",""
"MXIM-AV-1-11-5","banda.jpeg",""
"MXIM-AV-1-11-6","MXIM-AV-1-11-6.jpg","https://www.youtube.com/watch?v=crzOM-jOVcM"
"MXIM-AV-1-11-7","amealco usa.png",""
"MXIM-AV-1-11-8","MXIM-AV-1-11-8.jpg","https://www.youtube.com/watch?v=GLxgxTZOJ_s"
"MXIM-AV-1-11-9","MXIM-AV-1-11-9.jpg","https://www.youtube.com/watch?v=dRltsbClfsE&list=PL1C2694555FC8B280"
"MXIM-AV-1-11-10","Arieles.jpg","https://www.youtube.com/watch?v=8ykPhCbO4Jw"
"MXIM-AV-1-11-11","Artavazd Pelechian.png",""
"MXIM-AV-1-11-12","MXIM-AV-1-11-12.jpg","https://www.youtube.com/watch?v=2irFhia8r_o"
"MXIM-AV-1-11-13","San patricio.jpg",""
"MXIM-AV-1-11-14","batallon olimpia.png",""
"MXIM-AV-1-11-15","MXIM-AV-1-11-15.jpg","https://www.youtube.com/watch?v=16ZcE-FJ3Fk"
"MXIM-AV-1-11-16","Blob.jpg",""
"MXIM-AV-1-11-17","MXIM-AV-1-11-17.jpg","https://www.youtube.com/watch?v=IY5Fw-voMi4"
"MXIM-AV-1-11-18","onde esta.png",""
"MXIM-AV-1-11-19","Patamban.png",""
"MXIM-AV-1-11-20","chiapas dialogo.png","https://www.youtube.com/watch?v=Av0JaVv-tC4"
"MXIM-AV-1-11-21","MXIM-AV-1-11-21.jpg",""
"MXIM-AV-1-11-22","MXIM-AV-1-11-22.jpg","https://www.youtube.com/watch?v=kLpXwOM3kVc"
"MXIM-AV-1-11-23","MXIM-AV-1-11-23.jpg",""
"MXIM-AV-1-11-24","MXIM-AV-1-11-24.jpg","https://www.youtube.com/watch?v=4yZAoFqwqMY"
"MXIM-AV-1-11-25","chute libre.png",""
"MXIM-AV-1-11-26","estacion-constitucion-buenos-aires-prinicpios-del-siglo-xx.jpg",""
"MXIM-AV-1-11-27","MXIM-AV-1-11-27.jpg",""
"MXIM-AV-1-11-28","MXIM-AV-1-11-28.jpg",""
"MXIM-AV-1-11-29","1111-323-242.jpg",""
"MXIM-AV-1-11-30","Santa Clara.png",""
"MXIM-AV-1-11-31","MXIM-AV-1-11-31.jpg","https://www.youtube.com/watch?v=dfqJ3zQ2p_0"
"MXIM-AV-1-11-32","cuando yo.png",""
"MXIM-AV-1-11-33","Cuatro rayas.png","https://www.youtube.com/watch?v=AiRL5_xpdz4"
"MXIM-AV-1-11-34","durito21.jpg",""
"MXIM-AV-1-11-35","tejedoras.png",""
"MXIM-AV-1-11-36","MXIM-AV-1-11-36.jpg",""
"MXIM-AV-1-11-37","MXIM-AV-1-11-37.jpg","https://www.youtube.com/watch?v=qOLIiRz_6bg"
"MXIM-AV-1-11-38","Samoa.png","https://vimeo.com/99655092"
"MXIM-AV-1-11-39","Dias.png",""
"MXIM-AV-1-11-40","MXIM-AV-1-11-40.jpg",""
"MXIM-AV-1-11-41","MXIM-AV-1-11-41.jpg","https://www.youtube.com/watch?v=TckUthWaeF0"
"MXIM-AV-1-11-42","ecologia y pueblos.png",""
"MXIM-AV-1-11-43","efemerides.png",""
"MXIM-AV-1-11-44","MXIM-AV-1-11-44.jpg",""
"MXIM-AV-1-11-45","MXIM-AV-1-11-45.jpg","https://www.youtube.com/watch?v=Sxwh7WGZIM0&list=PL7WXtzlZM1LktoU8or6tXahOIqsvPlRFG&index=8"
"MXIM-AV-1-11-46","nuestra.png",""
"MXIM-AV-1-11-47","Peten.png",""
"MXIM-AV-1-11-48","s18-libros-Colonia-Roma-Cibeles.jpg",""
"MXIM-AV-1-11-49","emiliano.png","https://www.youtube.com/watch?v=A7QIKKx-Th0&list=PL01599B87CE887A8C"
"MXIM-AV-1-11-50","ferrocarril.png","https://www.youtube.com/watch?v=wSeEYDc82Es"
"MXIM-AV-1-11-51","MXIM-AV-1-11-51.jpg",""
"MXIM-AV-1-11-52","MXIM-AV-1-11-52.jpg","https://www.youtube.com/watch?v=2N4ik72FZnI"
"MXIM-AV-1-11-53","Adria.png",""
"MXIM-AV-1-11-218","MXIM-AV-1-11-53-1.jpg","https://www.youtube.com/watch?v=0XI2Z2uXNB4"
"MXIM-AV-1-11-219","MXIM-AV-1-11-53-2.jpg","https://www.youtube.com/watch?v=BcxwiJonXXs"
"MXIM-AV-1-11-54","regresso a terra.png","https://www.youtube.com/watch?v=kg3BiptaBHw"
"MXIM-AV-1-11-55","Peter.png",""
"MXIM-AV-1-11-56","Foutura.png",""
"MXIM-AV-1-11-57","MXIM-AV-1-11-57.jpg","https://www.youtube.com/watch?v=4GHz99n1wzc"
"MXIM-AV-1-11-58","MXIM-AV-1-11-58.jpg",""
"MXIM-AV-1-11-59","MXIM-AV-1-11-59.jpg","https://vimeo.com/133272148"
"MXIM-AV-1-11-60","Montaña.jpg",""
"MXIM-AV-1-11-61","tamal.jpeg",""
"MXIM-AV-1-11-62","1-11-62.jpg",""
"MXIM-AV-1-11-63","1-11-63.jpg",""
"MXIM-AV-1-11-64","1-11-64.jpg",""
"MXIM-AV-1-11-65","MXIM-AV-1-11-65.jpg","https://www.youtube.com/watch?v=6CgGalkkUsM"
"MXIM-AV-1-11-66","swagatam_01.jpg",""
"MXIM-AV-1-11-67","lucha.png","https://www.youtube.com/watch?v=qvNulAEmRFU"
"MXIM-AV-1-11-68","home.jpg",""
"MXIM-AV-1-11-69","MXIM-AV-1-11-69.jpg","https://www.youtube.com/watch?v=9IQ9fvEKNw8"
"MXIM-AV-1-11-70","planeta.png",""
"MXIM-AV-1-11-71","MXIM-AV-1-11-71.jpg",""
"MXIM-AV-1-11-72","los hombres.png",""
"MXIM-AV-1-11-73","MXIM-AV-1-11-73.jpg","https://www.youtube.com/watch?v=5QoYEiD-7aM"
"MXIM-AV-1-11-74","Jhon o.jpg","https://www.youtube.com/watch?v=UPyyuQQ7i78"
"MXIM-AV-1-11-75","tepoztlan.png",""
"MXIM-AV-1-11-76","Kane.png","https://www.youtube.com/watch?v=eCkYlCBFV6w"
"MXIM-AV-1-11-77","Ya baramb.png",""
"MXIM-AV-1-11-78","la fiesta.png",""
"MXIM-AV-1-11-79","MXIM-AV-1-11-79.jpg",""
"MXIM-AV-1-11-80","lactancia.png",""
"MXIM-AV-1-11-81","linea.jpg","https://www.youtube.com/watch?v=jnfDmBoo6bs"
"MXIM-AV-1-11-82","plaza.png",""
"MXIM-AV-1-11-83","LARADIOMEXICANA_BAJA.jpg",""
"MXIM-AV-1-11-84","litle.png",""
"MXIM-AV-1-11-85","prepa.png",""
"MXIM-AV-1-11-86","11 sep.png","https://www.youtube.com/watch?v=MI2jySDAkyU"
"MXIM-AV-1-11-87","MXIM-AV-1-11-87.jpg","https://www.youtube.com/watch?v=F9vkM3qBcTY"
"MXIM-AV-1-11-88","letter.png","https://www.youtube.com/watch?v=r_nXdWQU2Io"
"MXIM-AV-1-11-89","nivel 5.png",""
"MXIM-AV-1-11-90","adolfo lópez mateos-pan y palo.gif","https://www.youtube.com/watch?v=nlb259geKZA"
"MXIM-AV-1-11-91","los mas.jpeg","https://www.youtube.com/watch?v=74KZT7fDUms"
"MXIM-AV-1-11-92","MXIM-AV-1-11-92.jpg","https://www.youtube.com/watch?v=NfXpzvEKw9E"
"MXIM-AV-1-11-93","Lumiere.png","https://www.youtube.com/watch?v=17cNtuzzSgM&list=PL3A787472E0BDD67F&index=2"
"MXIM-AV-1-11-94","18 lustros.jpeg","http://www.filmoteca.unam.mx/cinelinea/html/lustros.html"
"MXIM-AV-1-11-94-1","Y_vino_el_remolino_1910_1914.jpg","http://www.filmoteca.unam.mx/cinelinea/videos/video2.html"
"MXIM-AV-1-11-94-2","Se_est_volviendo_gobierno_1915_1919.jpg","http://www.filmoteca.unam.mx/cinelinea/videos/video3.html"
"MXIM-AV-1-11-95","Los origenes.jpg",""
"MXIM-AV-1-11-96","nitrato.png","https://www.youtube.com/watch?v=ahzZjwjdaM0"
"MXIM-AV-1-11-97","manuel ávila camacho-general.gif","https://www.youtube.com/watch?v=xHKSi2rouUg"
"MXIM-AV-1-11-98","Manos.png",""
"MXIM-AV-1-11-99","Marcos.png","http://tal.tv/es/video/marcos-marcos/"
"MXIM-AV-1-11-100","Matilde.png",""
"MXIM-AV-1-11-101","Memorias de .png","https://www.youtube.com/watch?v=ct-aTElrRWE"
"MXIM-AV-1-11-102","memorias de un.png","https://www.youtube.com/watch?v=g8bZt9QbesY"
"MXIM-AV-1-11-103","memorias.png","http://www.tvaba.org/#!Arqueologias-urbanas-mem%C3%B3rias-do-mundo/cot9/hyao8k7725"
"MXIM-AV-1-11-104","memorias en.png",""
"MXIM-AV-1-11-105","melies.jpg",""
"MXIM-AV-1-11-106","Mexico 68.png",""
"MXIM-AV-1-11-107","",""
"MXIM-AV-1-11-108","MXIM-AV-1-11-108.jpg",""
"MXIM-AV-1-11-109","Montoneros una historia.png","https://www.youtube.com/watch?v=UXDArW_YG9Y"
"MXIM-AV-1-11-110","Mother Dao The Turtlelike.png","http://www.ru-a.org/2013/01/mother-dao-turtlelike.html"
"MXIM-AV-1-11-111","Museo Nacional de Culturas Populares.png",""
"MXIM-AV-1-11-112","diaz ordaz.png","https://www.youtube.com/watch?v=rUf6gW1PCJE"
"MXIM-AV-1-11-113","lavidadepedro_infante.jpg","https://www.youtube.com/watch?v=PtYd1kkvmXw"
"MXIM-AV-1-11-114","Altos hornos.jpg",""
"MXIM-AV-1-11-115","MXIM-AV-1-11-115.jpg","https://www.youtube.com/watch?v=yhObxZO-iTw"
"MXIM-AV-1-11-116","otomies.jpg",""
"MXIM-AV-1-11-117","canudos.jpg","https://www.youtube.com/watch?v=D4JutHnMj7w"
"MXIM-AV-1-11-118","escanear0057.jpg",""
"MXIM-AV-1-11-119","asa.jpg",""
"MXIM-AV-1-11-120","MXIM-AV-1-11-120.jpg",""
"MXIM-AV-1-11-121","Polifonias.jpg",""
"MXIM-AV-1-11-122","por esos ojos.jpg","https://www.youtube.com/watch?v=sOOpTFkev6s"
"MXIM-AV-1-11-123","MXIM-AV-1-11-123.jpg",""
"MXIM-AV-1-11-124","portrails.png","https://www.youtube.com/watch?v=16busE1e-Qk&list=PLgQr1PuaXZFexnc-6a-MElOC0ub0I-EDv&index=13"
"MXIM-AV-1-11-125","conservacion.png",""
"MXIM-AV-1-11-126","prisioneros.jpg",""
"MXIM-AV-1-11-127","Puerto.jpg",""
"MXIM-AV-1-11-128","Querido.jpg","https://www.youtube.com/watch?v=qhMz2O2DYkM"
"MXIM-AV-1-11-129","",""
"MXIM-AV-1-11-130","escanear0056.jpg",""
"MXIM-AV-1-11-131","escanear0061.jpg",""
"MXIM-AV-1-11-132","jaramillo.jpg",""
"MXIM-AV-1-11-133","SANAME.jpg",""
"MXIM-AV-1-11-134","",""
"MXIM-AV-1-11-135","Patamban.jpg",""
"MXIM-AV-1-11-136","Shan.jpg",""
"MXIM-AV-1-11-137","tato.jpg","https://www.youtube.com/watch?v=2GPRh6J5Hos&index=1&list=PL3D8DBA87A15D10AA"
"MXIM-AV-1-11-138","100 años.jpg",""
"MXIM-AV-1-11-139","Quest.JPG","https://www.youtube.com/watch?v=q-CqqyZpZSo"
"MXIM-AV-1-11-140","Roma.jpg","https://www.youtube.com/watch?v=LmGLyIJZdQE"
"MXIM-AV-1-11-141","the lumiere brothers.png","https://www.youtube.com/watch?v=vuG56syRl9k"
"MXIM-AV-1-11-142","maya.jpg","https://www.youtube.com/watch?v=Pa1RKs4rVE4"
"MXIM-AV-1-11-143","the nineties.jpg",""
"MXIM-AV-1-11-144","The other.jpg",""
"MXIM-AV-1-11-145","social-life-of-small-urban-cities.jpg","https://vimeo.com/111488563"
"MXIM-AV-1-11-146","the machine.png",""
"MXIM-AV-1-11-147","ZAFRA.jpg",""
"MXIM-AV-1-11-148","escanear0058.jpg","https://www.youtube.com/watch?v=uKrVt9E-lrU"
"MXIM-AV-1-11-149","Tradicion o modernidad.jpg",""
"MXIM-AV-1-11-150","Un bes.jpg",""
"MXIM-AV-1-11-151","Un pueblo.jpg","https://www.youtube.com/watch?v=0LjNKYyf8NI"
"MXIM-AV-1-11-152","marcos.jpg",""
"MXIM-AV-1-11-153","MXIM-AV-1-11-153.jpg",""
"MXIM-AV-1-11-154","PROVISA.jpg",""
"MXIM-AV-1-11-155","escanear0060.jpg","https://www.youtube.com/watch?v=_0PdgYhljDI"
"MXIM-AV-1-11-156","escanear0055.jpg",""
"MXIM-AV-1-11-157","Acariño.jpg","https://www.youtube.com/watch?v=c05qhs2h0IM"
"MXIM-AV-1-11-158","Sehora.jpg","https://www.youtube.com/watch?v=vTpGFHsLY14"
"MXIM-AV-1-11-159","Retes3.png","https://www.youtube.com/watch?v=Q_Ng4cbpCto"
"MXIM-AV-1-11-160","un archivo.png",""
"MXIM-AV-1-11-161","MXIM-AV-1-11-161.jpg",""
"MXIM-AV-1-11-162","villista.jpg","https://www.youtube.com/watch?v=1CyeGiysLnE"
"MXIM-AV-1-11-163","Seki Sano.png","https://www.youtube.com/watch?v=_EZVMSvfd8E"
"MXIM-AV-1-11-164","danzon.png","https://www.youtube.com/watch?v=HQfrwim05LY"
"MXIM-AV-1-11-165","Guerra de imagenes.jpg",""
"MXIM-AV-1-11-166","gRINGO.jpg",""
"MXIM-AV-1-11-167","Industria de las Imagenes.jpg","https://www.youtube.com/watch?v=ToSQAHX9f6U"
"MXIM-AV-1-11-168","AMIGO.jpg",""
"MXIM-AV-1-11-169","iLEGAL.jpg",""
"MXIM-AV-1-11-170","a.ka..jpg","https://www.youtube.com/watch?v=gxcCcbC-vJY"
"MXIM-AV-1-11-171","Kelly loves.jpg",""
"MXIM-AV-1-11-172","noso seculo.png","https://www.youtube.com/watch?v=g7FrY3CRZ1U"
"MXIM-AV-1-11-173","Fin.jpg","https://www.youtube.com/watch?v=u-v4kZPzZzY"
"MXIM-AV-1-11-174","obras maestras.jpg",""
"MXIM-AV-1-11-175","cupido.png",""
"MXIM-AV-1-11-176","gaugin.jpeg",""
"MXIM-AV-1-11-177","637px-Murillo_Descanso_en_la_huida_a_Egipto.jpg",""
"MXIM-AV-1-11-178","el_regreso_del_hijo_prodigo.jpg",""
"MXIM-AV-1-11-179","paula.png",""
"MXIM-AV-1-11-180","tejados.png",""
"MXIM-AV-1-11-181","our-daily-bread-1886.jpg",""
"MXIM-AV-1-11-182","the-triumph-of-death.jpg",""
"MXIM-AV-1-11-183","yves-klein-blue-harmony-1960.jpg",""
"MXIM-AV-1-11-184","the-six-winged-seraph-1905.jpg",""
"MXIM-AV-1-11-185","the-promenade-1918.jpg",""
"MXIM-AV-1-11-186","Popova_Philosopher.jpg",""
"MXIM-AV-1-11-187","ruso.jpg",""
"MXIM-AV-1-11-188","LAS MENINAS.jpg",""
"MXIM-AV-1-11-189","parque_patricios.jpg",""
"MXIM-AV-1-11-190","barriio boca.jpeg",""
"MXIM-AV-1-11-191","mercado abasto.jpeg",""
"MXIM-AV-1-11-192","la guasave.png","https://www.youtube.com/watch?v=wKUQt4fdeSc"
"MXIM-AV-1-11-193","l romantic.png","https://www.youtube.com/watch?v=zz-0qWSFfQc"
"MXIM-AV-1-11-194","la roulotteuse.png","https://www.youtube.com/watch?v=DDA19FD_XkU"
"MXIM-AV-1-11-195","la florista.png","https://www.youtube.com/watch?v=Y0oNvcIkZ8U"
"MXIM-AV-1-11-196","la cordonniere.png","https://www.youtube.com/watch?v=16busE1e-Qk"
"MXIM-AV-1-11-197","la marchande.png","https://www.youtube.com/watch?v=lDJKFS8Bfy0"
"MXIM-AV-1-11-198","l optice.png","https://www.youtube.com/watch?v=jKlPyjgFyCQ"
"MXIM-AV-1-11-199","sopladora.png","https://www.youtube.com/watch?v=eBcU8SdPJfA"
"MXIM-AV-1-11-200","l illusionniste.png","https://www.youtube.com/watch?v=-N1XC2wjmyE"
"MXIM-AV-1-11-201","la pinaista.png","https://www.youtube.com/watch?v=A5REuej4Dt4"
"MXIM-AV-1-11-202","la corsetera.png","https://www.youtube.com/watch?v=8p8ncuv2PBk"
"MXIM-AV-1-11-203","la arquista.png","https://www.youtube.com/watch?v=vc2ioUMsWn0"
"MXIM-AV-1-11-204","parler et travailler.png","https://www.youtube.com/watch?v=GbkjxPADMv8"
"MXIM-AV-1-11-205","MXIM-AV-1-11-205.jpg","https://www.youtube.com/watch?v=j6ABX0aHG9Q&list=PL3D8DBA87A15D10AA&index=7"
"MXIM-AV-1-11-206","",""
"MXIM-AV-1-11-207","escanear0059.jpg",""
"MXIM-AV-1-11-208","MXIM-AV-1-11-208.jpg","https://www.youtube.com/watch?v=aI2mJivbjc8"
"MXIM-AV-1-11-209","o amor.jpeg",""
"MXIM-AV-1-11-210","MXIM-AV-1-11-210.jpg","https://www.youtube.com/watch?v=9WYGOl1sMCA"
"MXIM-AV-1-11-211","MXIM-AV-1-11-211.jpg",""
"MXIM-AV-1-11-212","Leni Riefenstahl-olimpia.jpg",""
"MXIM-AV-1-11-213","leni.jpeg",""
"MXIM-AV-1-11-214","del sueño.png",""
"MXIM-AV-1-11-215","una gota.jpeg",""
"MXIM-AV-1-11-216","Tiburon.jpg",""
"MXIM-AV-1-11-217","MXIM-AV-1-11-217.jpg","http://www.bemposta.net/chocalheiro.htm"
"MXIM-AV-1-12-1","MXIM-AV-1-12-1.png","https://www.youtube.com/watch?v=1HrujmaJ5zU"
"MXIM-AV-1-12-2","MXIM-AV-1-12-2.jpg","https://www.youtube.com/watch?v=nBtQjLzE44Y"
"MXIM-AV-1-12-3","MXIM-AV-1-12-3.jpg",""
"MXIM-AV-1-12-4","Fiestas_Cristianas_Fiestas_Profanas-140136744-large.jpg","https://vimeo.com/48331100"
"MXIM-AV-1-12-5","MXIM-AV-1-12-5.jpg","https://www.youtube.com/watch?v=g5g8yhzW1J4"
"MXIM-AV-1-12-6","MXIM-AV-1-12-6.jpg","https://www.youtube.com/watch?v=IKRS_O9uzC0"
"MXIM-AV-1-12-7","seguro.jpg",""
"MXIM-AV-1-12-8","MXIM-AV-1-12-8.jpg","https://www.youtube.com/watch?v=GZycsImHW-c"
"MXIM-AV-1-12-9","MXIM-AV-1-12-9.png",""
"MXIM-AV-1-12-10","Blanco encalada.jpg","https://vimeo.com/109623735"
"MXIM-AV-1-12-11","MXIM-AV-1-12-11.jpg","https://vimeo.com/30064508"
"MXIM-AV-1-12-12","peliculacerca-del-olvido.jpg","https://www.youtube.com/watch?v=v5HVeOvAv4k"
"MXIM-AV-1-12-13","10e Chambre, instants d´audiences.jpg","http://www.allocine.fr/video/player_gen_cmedia=18363997&cfilm=56795.html"
"MXIM-AV-1-12-14","MXIM-AV-1-12-14.jpg","https://www.youtube.com/watch?v=sRe2NBk-_Tw"
"MXIM-AV-1-12-15","chido mi banda , chido mi barrio.jpg",""
"MXIM-AV-1-12-16","12-16.jpg",""
"MXIM-AV-1-12-17","Olimpia.jpg","https://vimeo.com/40917820"
"MXIM-AV-1-12-18","MXIM-AV-1-12-18.jpg","https://vimeo.com/63521959"
"MXIM-AV-1-12-19","MXIM-AV-1-12-19.jpg",""
"MXIM-AV-1-12-20","MXIM-AV-1-12-20.jpg","https://vimeo.com/55379683"
"MXIM-AV-1-12-21","MXIM-AV-1-12-21.jpg",""
"MXIM-AV-1-12-22","vivamexicod.jpg","https://www.youtube.com/watch?v=KSyVJ-o8WuA"
"MXIM-AV-1-12-23","De_dolor_y_esperanza_el_asilo_un_pasado_presente-539003-full.jpg",""
"MXIM-AV-1-12-24","MXIM-AV-1-12-24.jpg",""
"MXIM-AV-1-12-25","MXIM-AV-1-12-25.jpg",""
"MXIM-AV-1-12-26","de la tele.jpg","https://vimeo.com/150138021"
"MXIM-AV-1-12-27","MXIM-AV-1-12-27.jpg","https://www.youtube.com/watch?v=uX4X1YhW-sY"
"MXIM-AV-1-12-28","o arquitecto e a cidade.jpg","https://www.youtube.com/watch?v=jAuCJEW1-pw"
"MXIM-AV-1-12-29","deux films d agnes varda.jpg","https://www.youtube.com/watch?v=kap5Fc4mT3o"
"MXIM-AV-1-12-30","MXIM-AV-1-12-30.jpg","https://www.youtube.com/watch?v=OXyf4jKtrSo"
"MXIM-AV-1-12-31","MXIM-AV-1-12-31.jpg","https://www.youtube.com/watch?v=EvJITkRYKHY"
"MXIM-AV-1-12-32","alain resnais.jpg","https://youtu.be/_da3eciNlpE"
"MXIM-AV-1-12-33","m_bd1documentalesteatro.gif",""
"MXIM-AV-1-12-34","MXIM-AV-1-12-34.jpg","https://www.youtube.com/watch?v=_h0A1vzDsC0"
"MXIM-AV-1-12-35","MXIM-AV-1-12-35.jpg","https://www.youtube.com/watch?v=h1ACAku36gg"
"MXIM-AV-1-12-36","el arte de hacer.jpg","https://youtu.be/_USLn1NsHuE"
"MXIM-AV-1-12-37","MXIM-AV-1-12-37.jpg","https://youtu.be/s1eeWBiBEaw"
"MXIM-AV-1-12-38","MXIM-AV-1-12-38.jpg","https://youtu.be/_dpSlQHENJA"
"MXIM-AV-1-12-39","MXIM-AV-1-12-39.jpg","https://www.youtube.com/watch?v=VuwmGiZnGwA"
"MXIM-AV-1-12-40","MXIM-AV-1-12-40.jpg","https://youtu.be/AtVMmxclMsk"
"MXIM-AV-1-12-41","el mon de.jpg",""
"MXIM-AV-1-12-42","MXIM-AV-1-12-42.jpg","https://www.youtube.com/watch?v=eAGTnGGCO-k"
"MXIM-AV-1-12-43","MXIM-AV-1-12-43.jpg",""
"MXIM-AV-1-12-44","MXIM-AV-1-12-44.jpg","https://vimeo.com/30065025"
"MXIM-AV-1-12-45","MXIM-AV-1-12-45.jpg","https://youtu.be/CTc4TY9EZUI"
"MXIM-AV-1-12-46","MXIM-AV-1-12-46.jpg","https://www.youtube.com/watch?v=QetHxG5fLOA"
"MXIM-AV-1-12-47","historia del racismo.jpg","https://youtu.be/y0XFyWL4OyU"
"MXIM-AV-1-12-48","Captura de pantalla 2016-02-25 a las 15.02.13.png",""
"MXIM-AV-1-12-49","voladora2.JPG","https://vimeo.com/95078815"
"MXIM-AV-1-12-50","en el hoyo.jpg","https://www.youtube.com/watch?v=D_w46yv4Zpo"
"MXIM-AV-1-12-51","Evans.jpg",""
"MXIM-AV-1-12-52","MXIM-AV-1-12-52.jpg",""
"MXIM-AV-1-12-53","EstadioNacional.JPG","https://www.youtube.com/watch?v=c8RiVYwkHj8"
"MXIM-AV-1-12-54","MXIM-AV-1-12-54.jpg",""
"MXIM-AV-1-12-55","ethnology.png",""
"MXIM-AV-1-12-55-3","Ethnologie.jpg",""
"MXIM-AV-1-12-56","MXIM-AV-1-12-56.jpg","https://www.youtube.com/watch?v=Uc1V_1PcDYA"
"MXIM-AV-1-12-57","Exotic europe.jpg","https://youtu.be/KXenEaVhrj4"
"MXIM-AV-1-12-58","MXIM-AV-1-12-58.jpg","https://vimeo.com/21073557"
"MXIM-AV-1-12-59","farmingville.jpg","https://vimeo.com/36309427"
"MXIM-AV-1-12-60","MXIM-AV-1-12-60.jpg","https://vimeo.com/55992935"
"MXIM-AV-1-12-61","MXIM-AV-1-12-61.jpg","https://www.youtube.com/watch?v=ZlaxWvxYRLg"
"MXIM-AV-1-12-62","MXIM-AV-1-12-62.jpg","https://www.youtube.com/watch?v=QAHU0jEUCeE"
"MXIM-AV-1-12-63","Captura de pantalla 2016-02-26 a las 10.26.51.png",""
"MXIM-AV-1-12-64","MXIM-AV-1-12-64.jpg","https://www.youtube.com/watch?v=2sr_38brmxc"
"MXIM-AV-1-12-65","MXIM-AV-1-12-65.jpg","https://vimeo.com/52068015"
"MXIM-AV-1-12-66","MXIM-AV-1-12-66.jpg","https://vimeo.com/30028706"
"MXIM-AV-1-12-67","MXIM-AV-1-12-67.jpg",""
"MXIM-AV-1-12-68","MXIM-AV-1-12-68.jpg","https://www.youtube.com/watch?v=NbFYs-qchOY"
"MXIM-AV-1-12-69","MXIM-AV-1-12-69 (2).jpg",""
"MXIM-AV-1-12-70","MXIM-AV-1-12-70.jpg",""
"MXIM-AV-1-12-71","MXIM-AV-1-12-71.jpg",""
"MXIM-AV-1-12-72","MXIM-AV-1-12-72.jpg",""
"MXIM-AV-1-12-73","MXIM-AV-1-12-73.jpg",""
"MXIM-AV-1-12-74","MXIM-AV-1-12-74.jpg","https://www.youtube.com/watch?v=QREJ-g4B0cM"
"MXIM-AV-1-12-75","MXIM-AV-1-12-75.png","https://www.youtube.com/watch?v=8Z9RKjvEmLk"
"MXIM-AV-1-12-76","MXIM-AV-1-12-76.png","https://www.youtube.com/watch?v=wJ0giQDO6yQ"
"MXIM-AV-1-12-77","MXIM-AV-1-12-77.jpg",""
"MXIM-AV-1-12-78","rollos perdidos.jpg",""
"MXIM-AV-1-12-79","Captura de pantalla 2016-02-26 a las 10.25.11.png","http://www.cienciatk.csic.es/Videos/Antropo-visiones:+CAMARISTAS,+AUTORRETRATOS+INDIGENAS_482.html"
"MXIM-AV-1-12-80","jorge.jpg","https://vimeo.com/30065375"
"MXIM-AV-1-12-81","10 de junio.jpg",""
"MXIM-AV-1-12-82","MXIM-AV-1-12-82.png",""
"MXIM-AV-1-12-83","Km..jpg","https://www.youtube.com/watch?v=1U5CZrhKLLI"
"MXIM-AV-1-12-84","PALABRA.jpg",""
"MXIM-AV-1-12-85","Captura de pantalla 2016-02-26 a las 10.21.49.png","http://www.cienciatk.csic.es/Videos/Antropo-visiones%3A+LACANDONA,+MEDIO+SIGLO+DE+SUENOS_1250.html"
"MXIM-AV-1-12-86","MXIM-AV-1-12-86.png",""
"MXIM-AV-1-12-87","MXIM-AV-1-12-87.png",""
"MXIM-AV-1-12-88","la decena tragica.jpg",""
"MXIM-AV-1-12-89","MXIM-AV-1-12-89.png",""
"MXIM-AV-1-12-90","la decena tragica tercer episodio.jpg",""
"MXIM-AV-1-12-91","12-91.jpg",""
"MXIM-AV-1-12-92","la expedición punitiva.jpg","https://www.youtube.com/watch?v=AQUWAKmjqKI"
"MXIM-AV-1-12-93","los rebeldes del sur.jpg","https://www.youtube.com/watch?v=JrTesSkRe04"
"MXIM-AV-1-12-94","la mascara.jpg","https://www.youtube.com/watch?v=yE0-PiWqTcM"
"MXIM-AV-1-12-95","rollos perdidos.jpg","https://www.youtube.com/watch?v=VhZd3RK9wpA"
"MXIM-AV-1-12-96","ACME & CO.jpg","https://www.youtube.com/watch?v=YrawE8Xxz74"
"MXIM-AV-1-12-97","zapata la lucha sigue.jpg",""
"MXIM-AV-1-12-98","Darwin.jpg","https://www.youtube.com/watch?v=_9BYAE2EOXE"
"MXIM-AV-1-12-99","operacion galeana.jpg",""
"MXIM-AV-1-12-100","Familias.jpg",""
"MXIM-AV-1-12-101","MXIM-AV-1-12-101.png",""
"MXIM-AV-1-12-102","tucumanazo.jpg","https://www.youtube.com/watch?v=aYYqsscv94g"
"MXIM-AV-1-12-103","THE-BIG-SELLOUT.jpg","https://www.youtube.com/watch?v=zOd2lWGCig8"
"MXIM-AV-1-12-104","MXIM-AV-1-12-104.png","https://www.youtube.com/watch?v=BvBbFgq5Do8"
"MXIM-AV-1-12-105","","https://www.youtube.com/watch?v=sTSUOHmDRw8"
"MXIM-AV-1-12-106","","https://www.youtube.com/watch?v=1uU3OM-DOk8"
"MXIM-AV-1-12-107","le crime.jpg","https://vimeo.com/10290742"
"MXIM-AV-1-12-108","digna.jpg","https://www.youtube.com/watch?v=zEtacGDmoVQ"
"MXIM-AV-1-12-109","MXIM-AV-1-12-109.png",""
"MXIM-AV-1-12-110","Cosechadores.jpg","http://www.dailymotion.com/video/xcyr4b_documentaire-les-glaneurs-et-la-gla_shortfilms"
"MXIM-AV-1-12-111","los demonios del eden.jpg","https://youtu.be/xxPu2alvx3c"
"MXIM-AV-1-12-112","MXIM-AV-1-12-112.png","http://www.rtve.es/alacarta/videos/documentales-en-el-archivo-de-rtve/frutos-del-dorado-cobre/3277505/"
"MXIM-AV-1-12-113","los_ladrones_viejos.jpg","https://www.youtube.com/watch?v=62nlWymnZcI"
"MXIM-AV-1-12-114","los niños.jpg","https://www.youtube.com/watch?v=nEDwFZ_C2Sk"
"MXIM-AV-1-12-115","los-pasos-poster-web.png",""
"MXIM-AV-1-12-116","zapatistas.png","https://www.youtube.com/watch?v=Kcy5M72ioak"
"MXIM-AV-1-12-117","los super amigos.jpg","https://vimeo.com/30065668"
"MXIM-AV-1-12-118","1998_los_ultimos_zapatistas_h_o_grande.png","https://youtu.be/fLKWwswDhxg"
"MXIM-AV-1-12-119","COLIFATA.jpg","https://www.youtube.com/watch?v=trkmRBHL5Lc"
"MXIM-AV-1-12-120","MXIM-AV-1-12-120.png",""
"MXIM-AV-1-12-121","LUCIO.jpg","https://www.youtube.com/watch?v=aV2W9gzXR5c"
"MXIM-AV-1-12-122","HABLA.JPG","https://www.youtube.com/watch?v=GHBIK11ajz8"
"MXIM-AV-1-12-123","Maquilapolis.jpg","https://www.youtube.com/watch?v=WUQgFzkE3i0"
"MXIM-AV-1-12-124","MXIM-AV-1-12-124.jpg",""
"MXIM-AV-1-12-125","vencereis.jpg",""
"MXIM-AV-1-12-126","MXIM-AV-1-12-126.png",""
"MXIM-AV-1-12-127","marianela.jpg",""
"MXIM-AV-1-12-128","gUZMAN.jpg","https://www.youtube.com/watch?v=yKuoIDfySes"
"MXIM-AV-1-12-129","mividadentroposter1.jpg","https://www.youtube.com/watch?v=iLh1C8yGvF0"
"MXIM-AV-1-12-130","Borninton.jpg","https://www.youtube.com/watch?v=_kyXFr2g1x8"
"MXIM-AV-1-12-131","nanook_o_esquimo_o.jpg","https://www.youtube.com/watch?v=m4kOIzMqso0"
"MXIM-AV-1-12-132","MXIM-AV-1-12-132.jpeg","http://www.dailymotion.com/video/xtmtai_naqoyqatsi-godfrey-reggio-2002-parte-1_school"
"MXIM-AV-1-12-133","Nietos.jpg","https://www.youtube.com/watch?v=oujuDx7tawQ"
"MXIM-AV-1-12-134","nikita kino.jpg","https://vimeo.com/68542216"
"MXIM-AV-1-12-135","ninas-journey-movie-poster-2005-1020450976.jpg","https://www.youtube.com/watch?v=RghT48sgw5w"
"MXIM-AV-1-12-136","sobrepeso.jpg",""
"MXIM-AV-1-12-137","nodo1.jpg","http://www.rtve.es/filmoteca/no-do/not-811/1486027/"
"MXIM-AV-1-12-138","notre.jpg","https://www.youtube.com/watch?v=PMhsvWY8PuY"
"MXIM-AV-1-12-139","MXIM-AV-1-12-139.jpeg",""
"MXIM-AV-1-12-140","obras maestras 1.jpg",""
"MXIM-AV-1-12-141","obras maestras 1.jpg",""
"MXIM-AV-1-12-141-6","la-petite-1916.jpg",""
"MXIM-AV-1-12-141-7","Cardoso01.jpg",""
"MXIM-AV-1-12-141-8","vieira da silva.jpg","https://www.youtube.com/watch?v=n3gp4Pd1lAE"
"MXIM-AV-1-12-142","obras maestras.jpg",""
"MXIM-AV-1-12-143","obras maestras.jpg",""
"MXIM-AV-1-12-144","MXIM-AV-1-12-144.png","https://www.youtube.com/watch?v=-pD4Z98kWNs"
"MXIM-AV-1-12-145","MXIM-AV-12-145.png",""
"MXIM-AV-1-12-146","Paragraph175.jpg","https://www.youtube.com/watch?v=f8Ohy15dJsQ"
"MXIM-AV-1-12-147","pasos.jpg","https://www.youtube.com/watch?v=gbpL2yg5u7Q"
"MXIM-AV-1-12-148","MXIM-AV-1-12-148.png","https://www.youtube.com/watch?v=39lxFQR4kCw"
"MXIM-AV-1-12-149","Pedro.jpg",""
"MXIM-AV-1-12-150","piqueteras.jpg","https://www.youtube.com/watch?v=TMSj0J9ktuI"
"MXIM-AV-1-12-151","polissons et.jpg","https://www.youtube.com/watch?v=ERFhNICkMlU"
"MXIM-AV-1-12-152","MXIM-AV-1-12-152.png",""
"MXIM-AV-1-12-153","Power.jpg","https://www.youtube.com/watch?v=XLasmBm1MJc"
"MXIM-AV-1-12-154","Rebelion.jpg","https://vimeo.com/147915471"
"MXIM-AV-1-12-155","Prpuestas.jpg",""
"MXIM-AV-1-12-156","13 pueblos.jpg","https://www.youtube.com/watch?v=LiU7X51EGcg"
"MXIM-AV-1-12-157","MXIM-AV-1-12-157.png","https://vimeo.com/30066100"
"MXIM-AV-1-12-158","camello.jpg","https://www.youtube.com/watch?v=h-MRUWbZTIc"
"MXIM-AV-1-12-159","relatos.jpg","https://www.youtube.com/watch?v=pcJaP1F_gqI"
"MXIM-AV-1-12-160","los dueños.jpg","https://www.youtube.com/watch?v=Xr-0kYoy2IM"
"MXIM-AV-1-12-161","2014-06-24_return-to-bolivia.jpg","https://www.youtube.com/watch?v=MJgI-i4qloQ"
"MXIM-AV-1-12-162","MXIM-AV-1-12-162.png","https://www.youtube.com/watch?v=cj2Y0wtE-eE"
"MXIM-AV-1-12-163","presos.jpg","https://www.youtube.com/watch?v=CIECDYKv9Iw"
"MXIM-AV-1-12-164","salvador.jpg","https://www.youtube.com/watch?v=PqtkrQ_uZ9g"
"MXIM-AV-1-12-165","SICKO.jpg","https://www.youtube.com/watch?v=2-BKnQ3jTjA"
"MXIM-AV-1-12-166","MXIM-AV-1-12-166.png","https://www.youtube.com/watch?v=xNl_C3TLWO4"
"MXIM-AV-1-12-167","MXIM-AV-1-12-167.png","https://www.youtube.com/watch?v=5hRXcf2QTRw"
"MXIM-AV-1-12-168","spencer nakasakos trilogy.jpg",""
"MXIM-AV-1-12-169","Vivos_los_llevaron_vivos_los_queremos-646959182-large.jpg","https://www.youtube.com/watch?v=0LI31CcMe0g"
"MXIM-AV-1-12-170","escanear0047.jpg","https://youtu.be/TRw4iskbx44"
"MXIM-AV-1-12-171","teletirania.jpg","https://www.youtube.com/watch?v=mMz0gedb9iI"
"MXIM-AV-1-12-172","Tenderloin.png",""
"MXIM-AV-1-12-173","escanear0066.jpg",""
"MXIM-AV-1-12-174","escanear0067.jpg",""
"MXIM-AV-1-12-175","escanear0068.jpg",""
"MXIM-AV-1-12-176","escanear0069.jpg",""
"MXIM-AV-1-12-177","escanear0071.jpg",""
"MXIM-AV-1-12-178","escanear0070.jpg",""
"MXIM-AV-1-12-179","REFUGEE.jpg","https://www.youtube.com/watch?v=_41YtxapEKc"
"MXIM-AV-1-12-180","CLAVES.jpg","https://www.youtube.com/watch?v=vQ94yLSqho8"
"MXIM-AV-1-12-181","portada.jpg","https://www.youtube.com/watch?v=WL3dTg0umhA"
"MXIM-AV-1-12-182","ultimas memorias.jpg","http://tal.tv/es/video/ultimas-memorias-vivas/"
"MXIM-AV-1-12-183","12-183.jpg","https://www.youtube.com/watch?v=rarVp06BMMw"
"MXIM-AV-1-12-184","Un viaje.jpg",""
"MXIM-AV-1-12-185","Una Mirada.jpg","https://www.youtube.com/watch?v=7AaGhMaB5eI"
"MXIM-AV-1-12-186","tlahuac.jpg",""
"MXIM-AV-1-12-187","UNAM.jpg",""
"MXIM-AV-1-12-356","viefest.jpg",""
"MXIM-AV-1-12-354","Film spricht viele sprachen.jpg","https://www.youtube.com/watch?v=0XI2Z2uXNB4"
"MXIM-AV-1-12-355","film-ist-mehr-als-film.jpg","https://www.youtube.com/watch?v=BcxwiJonXXs"
"MXIM-AV-1-12-357","psycho.jpg","https://www.youtube.com/watch?v=bE_vd6XkEi0"
"MXIM-AV-1-12-358","pieta.jpg","https://www.youtube.com/watch?v=DIO2b7kUZ9g"
"MXIM-AV-1-12-359","Peter Tsh.jpg","https://www.youtube.com/watch?v=lWfThnGEA80"
"MXIM-AV-1-12-360","breeze.jpg","https://www.youtube.com/watch?v=c5DPSOwIMOo"
"MXIM-AV-1-12-361","Elvis.jpg","https://www.youtube.com/watch?v=b_4ljZ6UN_Y"
"MXIM-AV-1-12-362","wein y mozart.jpg","https://www.youtube.com/watch?v=me5KJ12RGiA"
"MXIM-AV-1-12-363","sb.jpg","https://www.youtube.com/watch?v=p31twBN3Q7g"
"MXIM-AV-1-12-364","carte.jpg","https://youtu.be/FWXQkvmDAYg"
"MXIM-AV-1-12-189","VENCIDOS.jpg","https://www.youtube.com/watch?v=1t1iZcTnfM4"
"MXIM-AV-1-12-190","VENCIDOS.jpg","https://www.youtube.com/watch?v=dOpjuHpCGYk"
"MXIM-AV-1-12-191","VENCIDOS.jpg","https://www.youtube.com/watch?v=vIL3V_Yufvs"
"MXIM-AV-1-12-192","VENCIDOS.jpg","https://www.youtube.com/watch?v=NJ6ARefT6-Y"
"MXIM-AV-1-12-193","VENCIDOS.jpg","https://www.youtube.com/watch?v=6KLd2JckgY0"
"MXIM-AV-1-12-194","VENCIDOS.jpg","https://www.youtube.com/watch?v=L9KWadDAUig"
"MXIM-AV-1-12-195","VENCIDOS.jpg","https://www.youtube.com/watch?v=L9KWadDAUig"
"MXIM-AV-1-12-196","VENCIDOS.jpg","https://www.youtube.com/watch?v=_P09vnSiUZ0"
"MXIM-AV-1-12-197","VENCIDOS.jpg","https://www.youtube.com/watch?v=nbecIpySjao"
"MXIM-AV-1-12-198","VENCIDOS.jpg","https://www.youtube.com/watch?v=nnmgd5EvaIM"
"MXIM-AV-1-12-199","MXIM-AV-1-12-199.png","http://www.documaniatv.com/historia/jazz-la-historia-1-gumbo-video_f07380ca5.html"
"MXIM-AV-1-12-200","MXIM-AV-1-12-200.png","http://www.documaniatv.com/historia/jazz-la-historia-2-el-regalo-video_bbae580e2.html"
"MXIM-AV-1-12-201","MXIM-AV-1-12-201.png","http://www.documaniatv.com/historia/jazz-la-historia-3-nuestro-lenguaje-video_e521a1c64.html"
"MXIM-AV-1-12-202","MXIM-AV-1-12-202.png","http://www.documaniatv.com/historia/jazz-la-historia-4-la-verdadera-bienvenida-video_a8bd0720d.html"
"MXIM-AV-1-12-203","MXIM-AV-1-12-203.png","http://www.documaniatv.com/historia/jazz-la-historia-5-swing-puro-placer-video_864bd549d.html"
"MXIM-AV-1-12-204","MXIM-AV-1-12-204.png","http://www.documaniatv.com/historia/jazz-la-historia-6-swing-la-velocidad-de-celebracion-video_5b77abbf6.html"
"MXIM-AV-1-12-205","MXIM-AV-1-12-205.png","http://www.documaniatv.com/historia/jazz-la-historia-7-el-swing-con-el-cambio-video_e0a214aa9.html"
"MXIM-AV-1-12-206","MXIM-AV-1-12-206.png","http://www.dailymotion.com/video/xt83ts_historia-del-jazz-de-ken-burns-08-dedicado-al-caos-1943-1945_music"
"MXIM-AV-1-12-207","MXIM-AV-1-12-207.png","http://www.dailymotion.com/video/xt55kq_historia-del-jazz-de-ken-burns-09-riesgo-1945-1949_music"
"MXIM-AV-1-12-208","MXIM-AV-1-12-208.png","http://www.documaniatv.com/historia/jazz-la-historia-10-irresistible-video_5185020bd.html"
"MXIM-AV-1-12-209","MXIM-AV-1-12-209.png","http://www.documaniatv.com/historia/jazz-la-historia-11-aventura-video_ec17174e4.html"
"MXIM-AV-1-12-210","MXIM-AV-1-12-210.png","http://www.documaniatv.com/historia/jazz-la-historia-12-una-obra-maestra-a-media-noche-video_21ce48a12.html"
"MXIM-AV-1-12-211","globelics.jpg","https://www.youtube.com/watch?v=xaXF-HRH5kY&list=PL6F6ADE89FBC7C98D&index=2"
"MXIM-AV-1-12-212","escanear0064.jpg",""
"MXIM-AV-1-12-213","MXIM-AV-1-12-213.jpg",""
"MXIM-AV-1-12-214","MXIM-AV-1-12-214.jpg",""
"MXIM-AV-1-12-215","MXIM-AV-1-12-215.jpg","https://vimeo.com/57160144"
"MXIM-AV-1-12-216","MXIM-AV-1-12-216.jpg","https://www.youtube.com/watch?v=8p7AKnbDyhU"
"MXIM-AV-1-12-217","Berl_n_sinfon_a_de_una_ciudad.jpg","https://www.youtube.com/watch?v=0NQgIvG-kBM"
"MXIM-AV-1-12-218","ONCES.jpg","https://vimeo.com/105396437"
"MXIM-AV-1-12-219","granito de arena.jpg",""
"MXIM-AV-1-12-220","VERDAD.jpg","https://www.youtube.com/watch?v=JKILJOs4_Lc"
"MXIM-AV-1-12-221","MXIM-AV-1-12-221.jpg",""
"MXIM-AV-1-12-222","sweetcrude_poster.jpg","https://youtu.be/SJIaremXipo"
"MXIM-AV-1-12-223","MXIM-AV-1-12-223.jpg","https://www.youtube.com/watch?v=FjiTdq3SvuU"
"MXIM-AV-1-12-224","MXIM-AV-1-12-224.jpg","https://www.youtube.com/watch?v=F5AmL4-0GWA"
"MXIM-AV-1-12-225","MXIM-AV-1-12-225.jpg","https://www.youtube.com/watch?v=EzRrAIN-9aI"
"MXIM-AV-1-12-226","MXIM-AV-1-12-226.jpg","https://www.youtube.com/watch?v=FMdFk6o4Poc"
"MXIM-AV-1-12-227","elokuva_Route-206-2.jpg",""
"MXIM-AV-1-12-228","MXIM-AV-1-12-228.jpg","https://www.youtube.com/watch?v=B93gKz09aVo"
"MXIM-AV-1-12-229","School.jpg",""
"MXIM-AV-1-12-230","memorias en la vía.jpg","https://www.youtube.com/watch?v=auf_Kcafx0M"
"MXIM-AV-1-12-231","MXIM-AV-1-12-231.jpg",""
"MXIM-AV-1-12-232","SENDEROS VOL. 1.jpg",""
"MXIM-AV-1-12-233","",""
"MXIM-AV-1-12-234","",""
"MXIM-AV-1-12-235","",""
"MXIM-AV-1-12-236","",""
"MXIM-AV-1-12-237","",""
"MXIM-AV-1-12-238","MXIM-AV-1-12-238.jpg",""
"MXIM-AV-1-12-239","MXIM-AV-1-12-239.jpg",""
"MXIM-AV-1-12-240","MXIM-AV-1-12-240.jpg",""
"MXIM-AV-1-12-241","El Salitre.jpg",""
"MXIM-AV-1-12-242","MXIM-AV-1-12-242.jpg","https://www.youtube.com/watch?v=dFKFuVpaKQo"
"MXIM-AV-1-12-243","MXIM-AV-1-12-243.jpg","https://www.youtube.com/watch?v=84NbsvUfAuw"
"MXIM-AV-1-12-244","MXIM-AV-1-12-21.jpg","https://vimeo.com/71540803"
"MXIM-AV-1-12-245","la merced.jpg",""
"MXIM-AV-1-12-246","MXIM-AV-1-12-21.jpg",""
"MXIM-AV-1-12-247","MXIM-AV-1-12-21.jpg","https://www.youtube.com/watch?v=uxwP2pkUUf8"
"MXIM-AV-1-12-248","malverde.jpg",""
"MXIM-AV-1-12-249","MXIM-AV-1-12-21.jpg","https://youtu.be/UwvjPOSrtOY"
"MXIM-AV-1-12-250","MXIM-AV-1-12-21.jpg",""
"MXIM-AV-1-12-251","MXIM-AV-1-12-21.jpg",""
"MXIM-AV-1-12-252","MXIM-AV-1-12-21.jpg",""
"MXIM-AV-1-12-253","rol.jpg",""
"MXIM-AV-1-12-254","MXIM-AV-1-12-21.jpg",""
"MXIM-AV-1-12-255","MXIM-AV-1-12-25.jpg","https://www.youtube.com/watch?v=lwGGCq7foSE"
"MXIM-AV-1-12-256","MXIM-AV-1-12-25.jpg",""
"MXIM-AV-1-12-257","MXIM-AV-1-12-25.jpg",""
"MXIM-AV-1-12-258","MXIM-AV-1-12-25.jpg",""
"MXIM-AV-1-12-260","arton168.jpg","http://www.dailymotion.com/video/xcyrhq_documentaire-les-glaneurs-et-la-gla_shortfilms"
"MXIM-AV-1-12-261","el milagro.jpg","https://www.youtube.com/watch?v=AtVMmxclMsk"
"MXIM-AV-1-12-262","Viva la discrenpancia.jpg","https://www.youtube.com/watch?v=DmLQ3t0uoP8"
"MXIM-AV-1-12-263","todo tiene.jpg","https://www.youtube.com/watch?v=7PDUxXFtEok"
"MXIM-AV-1-12-264","Tlaltelolco 2.jpg","https://www.youtube.com/watch?v=252Ls6s5ZvQ"
"MXIM-AV-1-12-265","MXIM-AV-1-12-40.jpg","https://www.youtube.com/watch?v=jo5hjc8-1VM"
"MXIM-AV-1-12-266","the lost.png",""
"MXIM-AV-1-12-267","private.png",""
"MXIM-AV-1-12-268","punk.png",""
"MXIM-AV-1-12-269","The tenderloin.png",""
"MXIM-AV-1-12-270","table for thu.png",""
"MXIM-AV-1-12-271","point.png",""
"MXIM-AV-1-12-272","just.png","https://www.youtube.com/watch?v=CeZJNni23ds"
"MXIM-AV-1-12-273","the seveen.png",""
"MXIM-AV-1-12-274","express.png",""
"MXIM-AV-1-12-275","get.jpeg","https://www.youtube.com/watch?v=1Jdqb7KQDcc"
"MXIM-AV-1-12-276","tl.png",""
"MXIM-AV-1-12-277","tl style.png",""
"MXIM-AV-1-12-278","school.png",""
"MXIM-AV-1-12-279","freedom.png",""
"MXIM-AV-1-12-280","who.png","https://vimeo.com/69817898"
"MXIM-AV-1-12-281","homegirls.png",""
"MXIM-AV-1-12-282","MXIM-AV-1-12-282.jpg","https://vimeo.com/130633104"
"MXIM-AV-1-12-283","ositio.jpg",""
"MXIM-AV-1-12-284","seda.jpg",""
"MXIM-AV-1-12-285","thrilla in manila.jpg","https://www.youtube.com/watch?v=dUQNKb_1xlc"
"MXIM-AV-1-12-286","Capturing_the_Friedmans_poster.jpg","https://www.youtube.com/watch?v=UaatTnsx9-s"
"MXIM-AV-1-12-287","",""
"MXIM-AV-1-12-288","mujeres en resistencia.jpg","https://vimeo.com/30928206"
"MXIM-AV-1-12-289","Xulum.jpg",""
"MXIM-AV-1-12-290","",""
"MXIM-AV-1-12-291","MANEFACTURED.jpg","https://www.youtube.com/watch?v=ie5SJ39LsDg"
"MXIM-AV-1-12-292","el olvido.jpg","https://youtu.be/qgOkjuek7yY"
"MXIM-AV-1-12-293","Forever.jpg","https://www.youtube.com/watch?v=ZfwtnRxIjfU"
"MXIM-AV-1-12-294","Raymundo-810807730-large.jpg","https://www.youtube.com/watch?v=QHFwxR_EoCM"
"MXIM-AV-1-12-295","mundo de niños.jpg",""
"MXIM-AV-1-12-296","practica e maestria.jpg","https://www.youtube.com/watch?v=2PPv3FWP1nw&feature=youtu.be"
"MXIM-AV-1-12-297","Profils_paysans_l_approche-675066131-main.jpg","https://www.youtube.com/watch?v=F_lOYENCh3w"
"MXIM-AV-1-12-298","imagenes de una dictadura.jpg","https://www.youtube.com/watch?v=71aRMBbriPQ"
"MXIM-AV-1-12-299","barron.jpg","https://youtu.be/ex9fcwjfZJs"
"MXIM-AV-1-12-300","12-300.jpg","https://www.youtube.com/watch?v=DTwHPG6aMVA"
"MXIM-AV-1-12-301","Las aventuras.jpg",""
"MXIM-AV-1-12-302","la capital.jpg","https://youtu.be/mv8B8nmqFJk"
"MXIM-AV-1-12-303","Exergo.jpg","https://www.youtube.com/watch?v=cOlF3jI6CTI"
"MXIM-AV-1-12-304","destino.jpg",""
"MXIM-AV-1-12-305","ella trabaja.jpg","http://www.dailymotion.com/video/xa25xt_ella-trabaja_news"
"MXIM-AV-1-12-306","el fin.jpg",""
"MXIM-AV-1-12-307","Guanabo.jpg","https://www.youtube.com/watch?v=_EA1emPl65I"
"MXIM-AV-1-12-308","zona.jpg","https://vimeo.com/29159270"
"MXIM-AV-1-12-309","heroe.jpg",""
"MXIM-AV-1-12-310","canicas.jpg","https://www.youtube.com/watch?v=q_rlhczb0fc"
"MXIM-AV-1-12-311","Grito.jpg","https://vimeo.com/1460117"
"MXIM-AV-1-12-312","las flores feas.jpg","https://vimeo.com/101334053"
"MXIM-AV-1-12-313","japi.jpg",""
"MXIM-AV-1-12-314","pucha vida.jpg","https://www.youtube.com/watch?v=r5JL9ClVPps"
"MXIM-AV-1-12-315","cablefaction.jpg",""
"MXIM-AV-1-12-316","el propietario.jpg","https://www.youtube.com/watch?v=7PDqj5Gg-2A"
"MXIM-AV-1-12-317","com construir un barco.jpg","http://www.dailymotion.com/video/xdjw3r_como-construir-un-barco_shortfilms"
"MXIM-AV-1-12-318","patria.jpg","http://www.dailymotion.com/video/xdgkwf_patria-un-documental-de-susana-bar_creation"
"MXIM-AV-1-12-319","extravío.jpg",""
"MXIM-AV-1-12-320","1300.jpg",""
"MXIM-AV-1-12-321","te quiero mucho.jpg",""
"MXIM-AV-1-12-322","el patio de mi casa.jpg","https://vimeo.com/103576206"
"MXIM-AV-1-12-323","tierra roja.jpg","https://vimeo.com/24412543"
"MXIM-AV-1-12-324","trovador.jpg","https://www.youtube.com/watch?v=Kt_vV4dhZFM"
"MXIM-AV-1-12-325","la bestia.jpg",""
"MXIM-AV-1-12-326","la sombra del iceberg.jpg","https://www.youtube.com/watch?v=53R3UWtubH0"
"MXIM-AV-1-12-327","ElCasoPinochet.jpg","https://www.youtube.com/watch?v=1UBQWt9AKn8"
"MXIM-AV-1-12-328","quien soy-MXIM-AV-1-12-328.jpg","https://youtu.be/UKHahYGEgW4"
"MXIM-AV-1-12-329","hablemos.jpg","https://vimeo.com/57364498"
"MXIM-AV-1-12-330","rollos perdidos.jpg","https://www.youtube.com/watch?v=VhZd3RK9wpA"
"MXIM-AV-1-12-331","Limite.jpg",""
"MXIM-AV-1-12-332","corporation.jpg","https://www.youtube.com/watch?v=Bkr-paaAYJ8"
"MXIM-AV-1-12-333","las cruces.jpg","https://youtu.be/9cIcoO1i2lU"
"MXIM-AV-1-12-334","MXIM-AV-1-12-334.jpg",""
"MXIM-AV-1-12-335","la fiesta del chivo .jpg",""
"MXIM-AV-1-12-336","12-336.jpg","http://www.filmsdocumentaires.com/films/1511-les-premiers-pas-du-cinema"
"MXIM-AV-1-12-337","retour-de-flamme-01.jpg",""
"MXIM-AV-1-4-7","600full-the-fall-of-the-romanov-dynasty-poster.jpg","https://youtu.be/cdnK3vd_QaE"
"MXIM-AV-1-12-339","Rudos.jpg",""
"MXIM-AV-1-12-340","Pic_nic-567079192-large.jpg","http://www.vtelevision.es/informativosv/2012/07/01/0031_26_145397.htm"
"MXIM-AV-1-12-341","12-341.jpg",""
"MXIM-AV-1-12-342","MXIM-AV-1-12-342.jpg","http://www.roninfilms.com.au/feature/2152/gandhis-children.html"
"MXIM-AV-1-12-343","obras documentais de jean roch.jpg",""
"MXIM-AV-1-12-344","MXIM-AV-1-12-344.jpg","http://www.roninfilms.com.au/feature/620/some-alien-creatures.html"
"MXIM-AV-1-12-345","MXIM-AV-1-12-345.png",""
"MXIM-AV-1-12-346","filmes_memorias2.jpg","http://ufftube.uff.br/video/M2GWDYGDBYU7/Mem%C3%B3rias-do-Cativeiro"
"MXIM-AV-1-12-347","jONGOS.jpg","http://ufftube.uff.br/video/9RBAHO8O6474/Jongos-Calangos-e-Folias-M%C3%BAsica-Negra-Mem%C3%B3ria-e-Poesia"
"MXIM-AV-1-12-348","Vewrsos.jpg","http://ufftube.uff.br/video/G2SY2DSB1KSS/Versos-e-Cacetes-O-jogo-do-pau-na-cultura-afro-fluminense"
"MXIM-AV-1-12-349","12-349.jpg","https://www.youtube.com/watch?v=KL7LRLHK4hY&list=PL25ECA18BADD9B1BE"
"MXIM-AV-1-12-350","auto_gris_descargable.jpg",""
"MXIM-AV-1-12-351","toziles.jpg","https://www.youtube.com/watch?v=WBYEi0CTXQE"
"MXIM-AV-1-12-352","12-352.jpg",""
"MXIM-AV-1-12-353","MXIM-AV-1-12-353.jpg",""
"MXIM-AV-1-13-1","MXIM-AV-1-13-1.jpg",""
"MXIM-AV-1-13-10","nosotros-losotros.jpg",""
"MXIM-AV-1-13-11","nosotros-losotros.jpg","https://www.youtube.com/watch?v=H70vuux90BE"
"MXIM-AV-1-13-12","nosotros-losotros.jpg",""
"MXIM-AV-1-13-13","nosotros-losotros.jpg",""
"MXIM-AV-1-13-14","nosotros-losotros.jpg","https://www.youtube.com/watch?v=kp-xT-xxaSc"
"MXIM-AV-1-13-15","agrimensura.jpg",""
"MXIM-AV-1-13-16","pcubenelcuerpoequivocad.jpg","https://www.youtube.com/watch?v=8aRIsh26DEw"
"MXIM-AV-1-13-17","Más allá del reglamento.jpg","https://www.youtube.com/watch?v=lFMmvM59cpM"
"MXIM-AV-1-13-18","MXIM-AV-1-13-18.jpg","https://www.youtube.com/watch?v=tYAQEsYjcM0"
"MXIM-AV-1-13-19","MXIM-AV-1-13-19.jpg","https://www.youtube.com/watch?v=pyZm_Dog-7c"
"MXIM-AV-1-13-2","nosotros-losotros.jpg","https://www.youtube.com/watch?v=PPBq0o_YXqA"
"MXIM-AV-1-13-20","nosotros-losotros.jpg",""
"MXIM-AV-1-13-21","nosotros-losotros.jpg",""
"MXIM-AV-1-13-22","nosotros-losotros.jpg",""
"MXIM-AV-1-13-23","nosotros-losotros.jpg",""
"MXIM-AV-1-13-24","nosotros-losotros.jpg",""
"MXIM-AV-1-13-25","nosotros-losotros.jpg",""
"MXIM-AV-1-13-26","nosotros-losotros.jpg",""
"MXIM-AV-1-13-27","nosotros-losotros.jpg",""
"MXIM-AV-1-13-28","nosotros-losotros.jpg",""
"MXIM-AV-1-13-29","nosotros-losotros.jpg",""
"MXIM-AV-1-13-3","nosotros-losotros.jpg",""
"MXIM-AV-1-13-30","nosotros-losotros.jpg",""
"MXIM-AV-1-13-31","nosotros-losotros.jpg",""
"MXIM-AV-1-13-32","nosotros-losotros.jpg",""
"MXIM-AV-1-13-33","Toscanito coleccionista de imagenes.png",""
"MXIM-AV-1-13-34","MXIM-AV-1-13-34.jpg","https://vimeo.com/59237206"
"MXIM-AV-1-13-35","MXIM-AV-1-13-35.jpg",""
"MXIM-AV-1-13-36","MXIM-AV-1-13-36.jpg","https://www.youtube.com/watch?v=hUd71dOruHY"
"MXIM-AV-1-13-37","MXIM-AV-1-13-37.png",""
"MXIM-AV-1-13-38","MXIM-AV-1-13-38.png","https://www.youtube.com/watch?v=fmenOLFb1X8"
"MXIM-AV-1-13-39","MXIM-AV-1-13-39.png",""
"MXIM-AV-1-13-4","nosotros-losotros.jpg",""
"MXIM-AV-1-13-40","MXIM-AV-1-13-40.png","https://www.youtube.com/watch?v=pyzu5s3TkVo"
"MXIM-AV-1-13-41","MXIM-AV-1-13-41.png",""
"MXIM-AV-1-13-42","Cinco camaras rotas.png","https://www.youtube.com/watch?v=aLRCrvn7_1U"
"MXIM-AV-1-13-43","MXIM-AV-1-13-43.png","https://www.youtube.com/watch?v=HAPTcVLcLRg"
"MXIM-AV-1-13-44","MXIM-AV-1-13-44.png","https://www.youtube.com/watch?v=UvrHTWyj248"
"MXIM-AV-1-13-45","MXIM-AV-1-13-45.png",""
"MXIM-AV-1-13-46-1","Captura de pantalla 2016-02-25 a las 14.57.40.png",""
"MXIM-AV-1-13-46-2","Captura de pantalla 2016-02-25 a las 14.59.48.png",""
"MXIM-AV-1-13-46-3","Captura de pantalla 2016-02-25 a las 15.02.13.png",""
"MXIM-AV-1-13-46-4","Camaristas Autorretratos Indigenas.png","http://www.cienciatk.csic.es/Videos/Antropo-visiones:+CAMARISTAS,+AUTORRETRATOS+INDIGENAS_482.html"
"MXIM-AV-1-13-46-5","Artes y oficios mexicanos.png",""
"MXIM-AV-1-13-46-6","Captura de pantalla 2016-02-26 a las 10.18.40.png",""
"MXIM-AV-1-13-46-7","Captura de pantalla 2016-02-26 a las 10.21.49.png","http://www.cienciatk.csic.es/Videos/Antropo-visiones%3A+LACANDONA,+MEDIO+SIGLO+DE+SUENOS_1250.html"
"MXIM-AV-1-13-47","MXIM-AV-1-13-47.png","http://ufftube.uff.br/video/32HM8D46HHAK/Passados-Presentes--mem%C3%B3ria-negra-no-sul-fluminense-English-subtitles"
"MXIM-AV-1-13-48","Sobre rieles.jpg",""
"MXIM-AV-1-13-49","MXIM-AV-1-13-49.png",""
"MXIM-AV-1-13-5","nosotros-losotros.jpg",""
"MXIM-AV-1-13-6","nosotros-losotros.jpg",""
"MXIM-AV-1-13-7","nosotros-losotros.jpg","https://www.youtube.com/watch?v=kp-xT-xxaSc"
"MXIM-AV-1-13-8","nosotros-losotros.jpg",""
"MXIM-AV-1-13-9","nosotros-losotros.jpg",""
"MXIM-AV-1-13-46-8","mexicanerías.jpg",""
"MXIM-AV-1-13-46-9","Trabajo de campo en tiempos violentos.png","https://www.youtube.com/watch?v=pyZm_Dog-7c"
"MXIM-AV-1-11-220","MXIM-AV-1-11-220.JPG",""
"MXIM-AV-1-11-221","Radio Interferencia.jpg",""
"MXIM-AV-1-12-188","",""
